,Especie,Ticker,Spot,Moneyness,CallPut,Strike,TTM,impliedVolatility,Last,Bid,Ask,Avg,Tasa,Div,Precio_BS,Precio_BIN
0,TSLA230811C00212500,TSLA,253.86000061035156,1.1946352969898897,C,212.5,5,0.6289099609375001,42.4,40.5,42.4,41.45,0.053179310344827584,0.0,41.55770773316698,41.55664295215066
1,TSLA230811P00212500,TSLA,253.86000061035156,1.1946352969898897,P,212.5,5,0.5742230078125,0.1,0.0,0.09,0.045,0.053179310344827584,0.0,0.019016791148369183,0.018668194576265267
2,TSLA230811C00215000,TSLA,253.86000061035156,1.180744188885356,C,215.0,5,0.9311530322265625,38.65,37.6,39.9,38.75,0.053179310344827584,0.0,39.71028064968442,39.70894423204778
3,TSLA230811P00215000,TSLA,253.86000061035156,1.180744188885356,P,215.0,5,0.5839885351562499,0.1,0.06,0.1,0.08,0.053179310344827584,0.0,0.038282233019983014,0.037571379931621046
4,TSLA230811C00217500,TSLA,253.86000061035156,1.1671724165993176,C,217.5,5,0.648441015625,37.2,35.75,37.45,36.6,0.053179310344827584,0.0,36.65184993211045,36.651316167632
5,TSLA230811P00217500,TSLA,253.86000061035156,1.1671724165993176,P,217.5,5,0.5273484765625001,0.1,0.0,0.12,0.06,0.053179310344827584,0.0,0.027606724707970542,0.027218755800070597
6,TSLA230811C00220000,TSLA,253.86000061035156,1.1539090936834162,C,220.0,5,0.7045927978515626,34.0,33.8,34.95,34.375,0.053179310344827584,0.0,34.339210219825134,34.33823276566572
7,TSLA230811P00220000,TSLA,253.86000061035156,1.1539090936834162,P,220.0,5,0.5468795312500001,0.14,0.1,0.15,0.125,0.053179310344827584,0.0,0.06438900080794685,0.06362238294433775
8,TSLA230811C00222500,TSLA,253.86000061035156,1.1409438229678721,C,222.5,5,0.7993184130859375,31.81,30.25,32.5,31.375,0.053179310344827584,0.0,32.306008783516006,32.30041612066824
9,TSLA230811P00222500,TSLA,253.86000061035156,1.1409438229678721,P,222.5,5,0.50586431640625,0.17,0.05,0.19,0.12,0.053179310344827584,0.0,0.06140176667519004,0.06085803423059349
10,TSLA230811C00225000,TSLA,253.86000061035156,1.1282666693793402,C,225.0,5,0.5717816259765626,29.2,28.4,30.05,29.225,0.053179310344827584,0.0,29.24395516772273,29.24316394992298
11,TSLA230811P00225000,TSLA,253.86000061035156,1.1282666693793402,P,225.0,5,0.5214891601562499,0.24,0.2,0.25,0.225,0.053179310344827584,0.0,0.1273995720850376,0.1253878138295834
12,TSLA230811C00227500,TSLA,253.86000061035156,1.115868134550996,C,227.5,5,0.7221707470703125,26.8,25.4,27.65,26.525,0.053179310344827584,0.0,27.43844701517014,27.4364502663457
13,TSLA230811P00227500,TSLA,253.86000061035156,1.115868134550996,P,227.5,5,0.5039112109375,0.32,0.24,0.33,0.28500000000000003,0.053179310344827584,0.0,0.16867021770964907,0.16732983259266934
14,TSLA230811C00230000,TSLA,253.86000061035156,1.1037391330884851,C,230.0,5,0.506840869140625,24.42,23.6,25.0,24.3,0.053179310344827584,0.0,24.305052796476105,24.304326916134773
15,TSLA230811P00230000,TSLA,253.86000061035156,1.1037391330884851,P,230.0,5,0.5053760400390624,0.45,0.42,0.45,0.435,0.053179310344827584,0.0,0.2735254926624222,0.27281784796206937
16,TSLA230811C00232500,TSLA,253.86000061035156,1.0918709703671035,C,232.5,5,0.6601596484375001,21.9,20.65,22.95,21.799999999999997,0.053179310344827584,0.0,22.701216569123204,22.695847418969475
17,TSLA230811P00232500,TSLA,253.86000061035156,1.0918709703671035,P,232.5,5,0.5004932763671875,0.6,0.56,0.61,0.585,0.053179310344827584,0.0,0.40471935458376684,0.40558182680588206
18,TSLA230811C00235000,TSLA,253.86000061035156,1.0802553217461768,C,235.0,5,0.567387138671875,19.7,19.7,20.65,20.174999999999997,0.053179310344827584,0.0,19.991085814836396,19.9906302117343
19,TSLA230811P00235000,TSLA,253.86000061035156,1.0802553217461768,P,235.0,5,0.4897511962890626,0.81,0.8,0.81,0.805,0.053179310344827584,0.0,0.5605947721702087,0.5623394486039673
20,TSLA230811C00237500,TSLA,253.86000061035156,1.068884213096217,C,237.5,5,0.6084023535156251,17.6,16.2,18.45,17.325,0.053179310344827584,0.0,18.145358356689115,18.148858805428738
21,TSLA230811P00237500,TSLA,253.86000061035156,1.068884213096217,P,237.5,5,0.4865773999023438,1.08,1.02,1.12,1.07,0.053179310344827584,0.0,0.8125490066282595,0.8137922852691138
22,TSLA230811C00240000,TSLA,253.86000061035156,1.0577500025431315,C,240.0,5,0.5856975024414062,15.5,14.65,16.3,15.475000000000001,0.053179310344827584,0.0,15.963248239598641,15.96404399130801
23,TSLA230811P00240000,TSLA,253.86000061035156,1.0577500025431315,P,240.0,5,0.4809622216796875,1.47,1.4,1.5,1.45,0.053179310344827584,0.0,1.1344115952939333,1.1318821847228564
24,TSLA230811C00242500,TSLA,253.86000061035156,1.046845363341656,C,242.5,5,0.5073291455078125,13.55,13.35,13.65,13.5,0.053179310344827584,0.0,13.35922783126486,13.363457301092987
25,TSLA230811P00242500,TSLA,253.86000061035156,1.046845363341656,P,242.5,5,0.47546911254882807,1.98,1.77,1.98,1.875,0.053179310344827584,0.0,1.5567511123637843,1.5589318076090093
26,TSLA230811C00245000,TSLA,253.86000061035156,1.0361632677973533,C,245.0,5,0.5170946728515625,11.6,11.4,11.95,11.675,0.053179310344827584,0.0,11.586791625492566,11.586116012958765
27,TSLA230811P00245000,TSLA,253.86000061035156,1.0361632677973533,P,245.0,5,0.46655806884765627,2.54,2.47,2.54,2.505,0.053179310344827584,0.0,2.066351532271966,2.0736678043574703
28,TSLA230811C00247500,TSLA,253.86000061035156,1.0256969721630367,C,247.5,5,0.49707534179687507,9.95,9.8,10.05,9.925,0.053179310344827584,0.0,9.660841184069824,9.657839921250151
29,TSLA230811P00247500,TSLA,253.86000061035156,1.0256969721630367,P,247.5,5,0.4681449670410156,3.27,3.25,3.35,3.3,0.053179310344827584,0.0,2.8165516619931736,2.823877538850251
30,TSLA230811C00250000,TSLA,253.86000061035156,1.0154400024414063,C,250.0,5,0.4836477416992188,8.2,8.05,8.35,8.2,0.053179310344827584,0.0,7.934500298427196,7.931862559310078
31,TSLA230811P00250000,TSLA,253.86000061035156,1.0154400024414063,P,250.0,5,0.4603325451660156,4.2,4.15,4.2,4.175000000000001,0.053179310344827584,0.0,3.629727591026068,3.629769159938025
32,TSLA230811C00252500,TSLA,253.86000061035156,1.0053861410310954,C,252.5,5,0.48242705078125003,6.75,6.7,6.95,6.825,0.053179310344827584,0.0,6.505417850187854,6.510815761488086
33,TSLA230811P00252500,TSLA,253.86000061035156,1.0053861410310954,P,252.5,5,0.459966337890625,5.29,5.2,5.3,5.25,0.053179310344827584,0.0,4.69783707870684,4.710703721531448
34,TSLA230811C00255000,TSLA,253.86000061035156,0.9955294141582415,C,255.0,5,0.47290566162109376,5.55,5.5,5.6,5.55,0.053179310344827584,0.0,5.15110137613938,5.157796068474689
35,TSLA230811P00255000,TSLA,253.86000061035156,0.9955294141582415,P,255.0,5,0.45435115966796874,6.55,6.4,6.5,6.45,0.053179310344827584,0.0,5.885665398988436,5.903115983723097
36,TSLA230811C00257500,TSLA,253.86000061035156,0.9858640800402002,C,257.5,5,0.47022014160156256,4.35,4.4,4.5,4.45,0.053179310344827584,0.0,4.052784012883123,4.053578216288931
37,TSLA230811P00257500,TSLA,253.86000061035156,0.9858640800402002,P,257.5,5,0.45532771240234376,7.86,6.85,7.95,7.4,0.053179310344827584,0.0,7.333051511391716,7.346645506292633
38,TSLA230811C00260000,TSLA,253.86000061035156,0.9763846177321214,C,260.0,5,0.4670463452148438,3.5,3.45,3.55,3.5,0.053179310344827584,0.0,3.1204790029695175,3.1178293927306746
39,TSLA230811P00260000,TSLA,253.86000061035156,0.9763846177321214,P,260.0,5,0.4514215014648438,9.53,9.25,9.5,9.375,0.053179310344827584,0.0,8.900466668260037,8.92174394187375
40,TSLA230811C00262500,TSLA,253.86000061035156,0.9670857166108631,C,262.5,5,0.46655806884765627,2.71,2.6,2.78,2.69,0.053179310344827584,0.0,2.3780388492761517,2.3817477403709257
41,TSLA230811P00262500,TSLA,253.86000061035156,0.9670857166108631,P,262.5,5,0.4559380578613281,11.21,10.9,11.3,11.100000000000001,0.053179310344827584,0.0,10.720455647013381,10.750581364180604
42,TSLA230811C00265000,TSLA,253.86000061035156,0.9579622664541568,C,265.0,5,0.46753462158203124,2.12,2.08,2.16,2.12,0.053179310344827584,0.0,1.7923524271331104,1.796425850563624
43,TSLA230811P00265000,TSLA,253.86000061035156,0.9579622664541568,P,265.0,5,0.4577690942382813,13.17,12.8,13.2,13.0,0.053179310344827584,0.0,12.65217005024408,12.687137332473558
44,TSLA230811C00267500,TSLA,253.86000061035156,0.9490093480760806,C,267.5,5,0.4699760034179688,1.65,1.63,1.67,1.65,0.053179310344827584,0.0,1.3407152206591064,1.3421247894853892
45,TSLA230811P00267500,TSLA,253.86000061035156,0.9490093480760806,P,267.5,5,0.4633842724609375,15.18,14.3,15.25,14.775,0.053179310344827584,0.0,14.734626965936428,14.773626127027764
46,TSLA230811C00270000,TSLA,253.86000061035156,0.9402222244827836,C,270.0,5,0.4753470434570312,1.25,1.25,1.3,1.275,0.053179310344827584,0.0,1.0091381355477296,1.0080444440876664
47,TSLA230811P00270000,TSLA,253.86000061035156,0.9402222244827836,P,270.0,5,0.47022014160156256,17.28,17.1,17.4,17.25,0.053179310344827584,0.0,16.918348652778292,16.9630475006279
48,TSLA230811C00272500,TSLA,253.86000061035156,0.9315963325150516,C,272.5,5,0.4797415307617187,0.99,0.96,1.0,0.98,0.053179310344827584,0.0,0.7482606915535222,0.7450673531317131
49,TSLA230811P00272500,TSLA,253.86000061035156,0.9315963325150516,P,272.5,5,0.4738822143554688,19.68,18.75,19.6,19.175,0.053179310344827584,0.0,19.157172930366556,19.210546633522117
50,TSLA230811C00275000,TSLA,253.86000061035156,0.923127274946733,C,275.0,5,0.4848684326171875,0.75,0.73,0.77,0.75,0.053179310344827584,0.0,0.5535138581538313,0.5495628207628985
51,TSLA230811P00275000,TSLA,253.86000061035156,0.923127274946733,P,275.0,5,0.48340360351562506,21.66,20.95,21.9,21.424999999999997,0.053179310344827584,0.0,21.486464191964245,21.548700299298197
52,TSLA230811C00277500,TSLA,253.86000061035156,0.9148108130102759,C,277.5,5,0.5097705273437501,0.72,0.53,0.69,0.61,0.053179310344827584,0.0,0.48521785394653705,0.4858429349624765
53,TSLA230811P00277500,TSLA,253.86000061035156,0.9148108130102759,P,277.5,5,0.543949873046875,24.1,23.4,25.65,24.525,0.053179310344827584,0.0,24.074868942196048,24.136734917130216
54,TSLA230811C00280000,TSLA,253.86000061035156,0.9066428593226842,C,280.0,5,0.49561051269531253,0.46,0.43,0.45,0.44,0.053179310344827584,0.0,0.29885363271826115,0.29594806467960366
55,TSLA230811P00280000,TSLA,253.86000061035156,0.9066428593226842,P,280.0,5,0.6355016918945313,26.56,25.0,27.35,26.175,0.053179310344827584,0.0,26.8232103011174,26.881780131916447
56,TSLA230811C00282500,TSLA,253.86000061035156,0.8986194711870852,C,282.5,5,0.50586431640625,0.36,0.35,0.37,0.36,0.053179310344827584,0.0,0.23011511177983657,0.2291540545907707
57,TSLA230811P00282500,TSLA,253.86000061035156,0.8986194711870852,P,282.5,5,0.6674837939453127,28.95,28.1,29.8,28.950000000000003,0.053179310344827584,0.0,29.272666844433047,29.33445974206195
58,TSLA230811C00285000,TSLA,253.86000061035156,0.8907368442468476,C,285.0,5,0.5097705273437501,0.27,0.25,0.29,0.27,0.053179310344827584,0.0,0.1651857041012006,0.16447155812655226
59,TSLA230811P00285000,TSLA,253.86000061035156,0.8907368442468476,P,285.0,5,0.6894562304687502,31.54,30.5,32.2,31.35,0.053179310344827584,0.0,31.685074822475826,31.748087616973624
60,TSLA230811C00287500,TSLA,253.86000061035156,0.882991306470788,C,287.5,5,0.53320779296875,0.21,0.06,0.25,0.155,0.053179310344827584,0.0,0.14996261279060796,0.14798604029371656
61,TSLA230811P00287500,TSLA,253.86000061035156,0.882991306470788,P,287.5,5,0.5063525927734375,34.16,32.95,34.7,33.825,0.053179310344827584,0.0,33.53776414078018,33.66642528932139
62,TSLA230811C00290000,TSLA,253.86000061035156,0.8753793124494882,C,290.0,5,0.5351608984375,0.19,0.18,0.19,0.185,0.053179310344827584,0.0,0.10587049742618948,0.10374485471931054
63,TSLA230811P00290000,TSLA,253.86000061035156,0.8753793124494882,P,290.0,5,0.63867548828125,36.5,35.55,37.7,36.625,0.053179310344827584,0.0,36.24005289513809,36.33418861894876
64,TSLA230811C00292500,TSLA,253.86000061035156,0.8678974379841079,C,292.5,5,0.5478560839843751,0.15,0.15,0.16,0.155,0.053179310344827584,0.0,0.08575824254509756,0.08519417836431825
65,TSLA230811P00292500,TSLA,253.86000061035156,0.8678974379841079,P,292.5,5,0.5205126074218749,38.65,37.9,39.6,38.75,0.053179310344827584,0.0,38.485343788880385,38.64220726383246
66,TSLA230811C00295000,TSLA,253.86000061035156,0.8605423749503442,C,295.0,5,0.5537154003906251,0.13,0.11,0.13,0.12,0.053179310344827584,0.0,0.0637042399654959,0.06310813866618727
67,TSLA230811P00295000,TSLA,253.86000061035156,0.8605423749503442,P,295.0,5,0.6543003320312502,41.4,40.5,42.45,41.475,0.053179310344827584,0.0,41.12729568371191,41.23784025234634
68,TSLA230811C00297500,TSLA,253.86000061035156,0.8533109264213498,C,297.5,5,0.5429733203125001,0.11,0.04,0.11,0.075,0.053179310344827584,0.0,0.036668952913169406,0.03618379934950987
69,TSLA230811P00297500,TSLA,253.86000061035156,0.8533109264213498,P,297.5,5,0.9060067993164063,37.3,42.25,44.9,43.575,0.053179310344827584,0.0,44.29766372740244,44.3684443909354
70,TSLA230811C00300000,TSLA,253.86000061035156,0.8462000020345052,C,300.0,5,0.5722699023437501,0.09,0.07,0.09,0.08,0.053179310344827584,0.0,0.03907944537812491,0.0385813284328425
71,TSLA230811P00300000,TSLA,253.86000061035156,0.8462000020345052,P,300.0,5,0.8920909228515624,45.42,44.75,47.15,45.95,0.053179310344827584,0.0,46.6022934237231,46.67960681935166
72,TSLA230811C00302500,TSLA,253.86000061035156,0.839206613587939,C,302.5,5,0.5488326367187502,0.01,0.01,0.07,0.04,0.053179310344827584,0.0,0.01779659116332022,0.017371232187895307
73,TSLA230811P00302500,TSLA,253.86000061035156,0.839206613587939,P,302.5,5,0.5410202148437502,47.45,47.25,50.1,48.675,0.053179310344827584,0.0,48.43512419284036,48.63982222273666
74,TSLA230811C00305000,TSLA,253.86000061035156,0.8323278708536117,C,305.0,5,0.585941640625,0.05,0.04,0.06,0.05,0.053179310344827584,0.0,0.02261236599456118,0.021857637361861557
75,TSLA230811P00305000,TSLA,253.86000061035156,0.8323278708536117,P,305.0,5,0.648441015625,44.95,49.75,52.75,51.25,0.053179310344827584,0.0,50.973815408268905,51.141423787073705
76,TSLA230811C00307500,TSLA,253.86000061035156,0.8255609775946392,C,307.5,5,0.5742230078125,0.05,0.0,0.06,0.03,0.053179310344827584,0.0,0.012417271336584212,0.011970656265394787
77,TSLA230811P00307500,TSLA,253.86000061035156,0.8255609775946392,P,307.5,5,0.585941640625,51.63,52.25,55.1,53.675,0.053179310344827584,0.0,53.43141578665458,53.639804010677246
78,TSLA230811C00310000,TSLA,253.86000061035156,0.8189032277753276,C,310.0,5,0.6250037500000001,0.05,0.04,0.05,0.045,0.053179310344827584,0.0,0.02027264185386035,0.01979987608207478
79,TSLA230811P00310000,TSLA,253.86000061035156,0.8189032277753276,P,310.0,5,0.6054726953125001,55.39,54.75,57.6,56.175,0.053179310344827584,0.0,55.92891751638655,56.13979490464754
80,TSLA230811C00312500,TSLA,253.86000061035156,0.812352001953125,C,312.5,5,0.6054726953125001,0.03,0.01,0.04,0.025,0.053179310344827584,0.0,0.009999292428749251,0.00968861480254638
81,TSLA230811P00312500,TSLA,253.86000061035156,0.812352001953125,P,312.5,5,0.6289099609375001,57.05,57.25,60.1,58.675,0.053179310344827584,0.0,58.4274984559452,58.63978579861783
82,TSLA230811C00315000,TSLA,253.86000061035156,0.805904763842386,C,315.0,5,0.6250037500000001,0.02,0.01,0.04,0.025,0.053179310344827584,0.0,0.00974824436803401,0.00935944858363064
83,TSLA230811P00315000,TSLA,253.86000061035156,0.805904763842386,P,315.0,5,0.648441015625,58.58,59.75,62.6,61.175,0.053179310344827584,0.0,60.92517615896662,61.13977669258812
84,TSLA230818C00215000,TSLA,253.86000061035156,1.180744188885356,C,215.0,12,0.6435582519531251,39.47,39.5,40.45,39.975,0.05349310344827586,0.0,40.15290186387239,40.14718475492663
85,TSLA230818P00215000,TSLA,253.86000061035156,1.180744188885356,P,215.0,12,0.5219774365234374,0.43,0.42,0.45,0.435,0.05349310344827586,0.0,0.33628728637469507,0.3365681516353323
86,TSLA230818C00220000,TSLA,253.86000061035156,1.1539090936834162,C,220.0,12,0.6064492480468751,34.85,34.75,35.7,35.225,0.05349310344827586,0.0,35.383244250081816,35.38165207406564
87,TSLA230818P00220000,TSLA,253.86000061035156,1.1539090936834162,P,220.0,12,0.5056201782226561,0.66,0.64,0.68,0.66,0.05349310344827586,0.0,0.5260894241227998,0.5223199552914368
88,TSLA230818C00225000,TSLA,253.86000061035156,1.1282666693793402,C,225.0,12,0.5754436987304687,30.19,30.1,31.1,30.6,0.05349310344827586,0.0,30.729492047904444,30.727610241632306
89,TSLA230818P00225000,TSLA,253.86000061035156,1.1282666693793402,P,225.0,12,0.4946339599609375,1.0,0.98,1.03,1.005,0.05349310344827586,0.0,0.8468203709275528,0.8501083525365565
90,TSLA230818C00230000,TSLA,253.86000061035156,1.1037391330884851,C,230.0,12,0.5773968041992188,25.7,25.65,27.3,26.475,0.05349310344827586,0.0,26.535140724344103,26.539260142110383
91,TSLA230818P00230000,TSLA,253.86000061035156,1.1037391330884851,P,230.0,12,0.48279325805664064,1.53,1.49,1.56,1.525,0.05349310344827586,0.0,1.3179721551710983,1.314358050187197
92,TSLA230818C00232500,TSLA,253.86000061035156,1.0918709703671035,C,232.5,12,0.5637250659179689,23.75,23.5,25.15,24.325,0.05349310344827586,0.0,24.364588069083993,24.358973829445866
93,TSLA230818P00232500,TSLA,253.86000061035156,1.0918709703671035,P,232.5,12,0.476567734375,1.9,1.83,1.9,1.865,0.05349310344827586,0.0,1.6252741298105065,1.6278589396167005
94,TSLA230818C00235000,TSLA,253.86000061035156,1.0802553217461768,C,235.0,12,0.5267381311035157,21.65,21.4,22.4,21.9,0.05349310344827586,0.0,21.943354515210814,21.947046988800036
95,TSLA230818P00235000,TSLA,253.86000061035156,1.0802553217461768,P,235.0,12,0.47192910888671874,2.28,2.22,2.32,2.27,0.05349310344827586,0.0,2.010196400677806,2.018698589294228
96,TSLA230818C00237500,TSLA,253.86000061035156,1.068884213096217,C,237.5,12,0.5164843273925781,19.65,19.4,20.35,19.875,0.05349310344827586,0.0,19.89379695508876,19.88558657057525
97,TSLA230818P00237500,TSLA,253.86000061035156,1.068884213096217,P,237.5,12,0.47852083984375,2.78,2.02,2.97,2.495,0.05349310344827586,0.0,2.6116727171037226,2.6235202379969524
98,TSLA230818C00240000,TSLA,253.86000061035156,1.0577500025431315,C,240.0,12,0.5084277673339843,17.55,17.5,18.4,17.95,0.05349310344827586,0.0,17.942154035532752,17.947400810593354
99,TSLA230818P00240000,TSLA,253.86000061035156,1.0577500025431315,P,240.0,12,0.46362841064453125,3.35,3.3,3.4,3.3499999999999996,0.05349310344827586,0.0,3.0172942228493795,3.0288197619131205
100,TSLA230818C00242500,TSLA,253.86000061035156,1.046845363341656,C,242.5,12,0.5017139672851563,15.6,15.65,16.6,16.125,0.05349310344827586,0.0,16.089238324385633,16.098058855669528
101,TSLA230818P00242500,TSLA,253.86000061035156,1.046845363341656,P,242.5,12,0.46130909790039065,4.05,3.95,4.1,4.025,0.05349310344827586,0.0,3.679168695052624,3.687495161980727
102,TSLA230818C00245000,TSLA,253.86000061035156,1.0361632677973533,C,245.0,12,0.48718774536132814,14.1,13.95,14.25,14.1,0.05349310344827586,0.0,14.19499603036806,14.19519781385042
103,TSLA230818P00245000,TSLA,253.86000061035156,1.0361632677973533,P,245.0,12,0.45606012695312503,4.85,4.7,4.85,4.775,0.05349310344827586,0.0,4.3948359850448355,4.399795771062098
104,TSLA230818C00247500,TSLA,253.86000061035156,1.0256969721630367,C,247.5,12,0.49158223266601564,12.35,12.35,12.8,12.575,0.05349310344827586,0.0,12.709706953386558,12.699896132951602
105,TSLA230818P00247500,TSLA,253.86000061035156,1.0256969721630367,P,247.5,12,0.4534966760253906,5.65,5.55,5.75,5.65,0.05349310344827586,0.0,5.259258119332955,5.275726245578268
106,TSLA230818C00250000,TSLA,253.86000061035156,1.0154400024414063,C,250.0,12,0.4766898034667969,10.85,10.8,11.1,10.95,0.05349310344827586,0.0,10.995136240758455,11.000429686849134
107,TSLA230818P00250000,TSLA,253.86000061035156,1.0154400024414063,P,250.0,12,0.44775942871093743,6.65,6.5,6.7,6.6,0.05349310344827586,0.0,6.180405539490124,6.206748194718084
108,TSLA230818C00252500,TSLA,253.86000061035156,1.0053861410310954,C,252.5,12,0.5092822509765625,9.61,9.45,10.4,9.925,0.05349310344827586,0.0,10.245098140197626,10.255944755917305
109,TSLA230818P00252500,TSLA,253.86000061035156,1.0053861410310954,P,252.5,12,0.4440973559570312,7.82,7.6,7.8,7.699999999999999,0.05349310344827586,0.0,7.253859908803918,7.287270550144661
110,TSLA230818C00255000,TSLA,253.86000061035156,0.9955294141582415,C,255.0,12,0.4704032452392578,8.19,8.2,8.45,8.325,0.05349310344827586,0.0,8.305697989798887,8.31503622728589
111,TSLA230818P00255000,TSLA,253.86000061035156,0.9955294141582415,P,255.0,12,0.43958079956054685,9.02,8.9,9.0,8.95,0.05349310344827586,0.0,8.431649640554141,8.469924816668934
112,TSLA230818C00257500,TSLA,253.86000061035156,0.9858640800402002,C,257.5,12,0.46521530883789064,7.05,7.1,7.25,7.175,0.05349310344827586,0.0,7.09396231966646,7.096404788448972
113,TSLA230818P00257500,TSLA,253.86000061035156,0.9858640800402002,P,257.5,12,0.4420221813964844,10.3,10.25,10.45,10.35,0.05349310344827586,0.0,9.858199530083283,9.89903567009588
114,TSLA230818C00260000,TSLA,253.86000061035156,0.9763846177321214,C,260.0,12,0.4594780615234375,6.1,6.0,6.15,6.075,0.05349310344827586,0.0,5.987130338184471,5.978756231750269
115,TSLA230818P00260000,TSLA,253.86000061035156,0.9763846177321214,P,260.0,12,0.43579665771484377,11.8,10.85,11.85,11.35,0.05349310344827586,0.0,11.24698590850926,11.290061404188766
116,TSLA230818C00262500,TSLA,253.86000061035156,0.9670857166108631,C,262.5,12,0.45862357788085945,5.15,5.1,5.25,5.175,0.05349310344827586,0.0,5.079743270166034,5.079695832025247
117,TSLA230818P00262500,TSLA,253.86000061035156,0.9670857166108631,P,262.5,12,0.43970286865234376,13.6,13.25,13.55,13.4,0.05349310344827586,0.0,12.931547021524977,12.976168142719658
118,TSLA230818C00265000,TSLA,253.86000061035156,0.9579622664541568,C,265.0,12,0.4577690942382813,4.4,4.3,4.45,4.375,0.05349310344827586,0.0,4.277694666980281,4.284468528135798
119,TSLA230818P00265000,TSLA,253.86000061035156,0.9579622664541568,P,265.0,12,0.4379939013671875,15.06,14.15,15.25,14.7,0.05349310344827586,0.0,14.62638834166242,14.68896715598961
120,TSLA230818C00267500,TSLA,253.86000061035156,0.9490093480760806,C,267.5,12,0.45715874877929696,3.65,3.6,3.75,3.675,0.05349310344827586,0.0,3.5787858116900253,3.5863195035025104
121,TSLA230818P00267500,TSLA,253.86000061035156,0.9490093480760806,P,267.5,12,0.4361628649902344,17.37,15.95,17.05,16.5,0.05349310344827586,0.0,16.4236812137583,16.502132093580094
122,TSLA230818C00270000,TSLA,253.86000061035156,0.9402222244827836,C,270.0,12,0.4572808178710938,3.09,3.05,3.15,3.0999999999999996,0.05349310344827586,0.0,2.982501717615797,2.9850483292533396
123,TSLA230818P00270000,TSLA,253.86000061035156,0.9402222244827836,P,270.0,12,0.49023947265625006,19.07,17.15,19.8,18.475,0.05349310344827586,0.0,19.136612096931003,19.208706011522782
124,TSLA230818C00272500,TSLA,253.86000061035156,0.9315963325150516,C,272.5,12,0.523320196533203,2.63,2.56,3.6,3.08,0.05349310344827586,0.0,3.3934826471856923,3.397230946517901
125,TSLA230818P00272500,TSLA,253.86000061035156,0.9315963325150516,P,272.5,12,0.5239305419921875,21.33,19.5,22.25,20.875,0.05349310344827586,0.0,21.56355618631909,21.64855014998991
126,TSLA230818C00275000,TSLA,253.86000061035156,0.923127274946733,C,275.0,12,0.4627739270019532,2.16,2.13,2.25,2.19,0.05349310344827586,0.0,2.0948523028665775,2.096657394993944
127,TSLA230818P00275000,TSLA,253.86000061035156,0.923127274946733,P,275.0,12,0.507817421875,22.95,22.0,24.0,23.0,0.05349310344827586,0.0,23.33006137105187,23.424207020563216
128,TSLA230818C00277500,TSLA,253.86000061035156,0.9148108130102759,C,277.5,12,0.47522497436523436,1.82,1.79,2.01,1.9,0.05349310344827586,0.0,1.8563580073139363,1.8583955870801392
129,TSLA230818P00277500,TSLA,253.86000061035156,0.9148108130102759,P,277.5,12,0.5299119274902344,25.4,23.8,26.35,25.075000000000003,0.05349310344827586,0.0,25.670541332906765,25.779231393102204
130,TSLA230818C00280000,TSLA,253.86000061035156,0.9066428593226842,C,280.0,12,0.4694877270507813,1.51,1.51,1.6,1.5550000000000002,0.05349310344827586,0.0,1.4631688364403175,1.4600224749249144
131,TSLA230818P00280000,TSLA,253.86000061035156,0.9066428593226842,P,280.0,12,0.49268085449218757,27.32,26.05,28.0,27.025,0.05349310344827586,0.0,27.354020372853284,27.483341285890223
132,TSLA230818C00282500,TSLA,253.86000061035156,0.8986194711870852,C,282.5,12,0.47119669433593747,1.28,1.25,1.33,1.29,0.05349310344827586,0.0,1.203357799192407,1.2008891767257355
133,TSLA230818P00282500,TSLA,253.86000061035156,0.8986194711870852,P,282.5,12,0.5521285021972657,29.93,28.35,30.85,29.6,0.05349310344827586,0.0,30.168368703986772,30.295777567541474
134,TSLA230818C00285000,TSLA,253.86000061035156,0.8907368442468476,C,285.0,12,0.4738822143554688,1.07,1.06,1.11,1.085,0.05349310344827586,0.0,0.9935708454070458,0.995374454183724
135,TSLA230818P00285000,TSLA,253.86000061035156,0.8907368442468476,P,285.0,12,0.5813030151367188,31.85,30.8,33.35,32.075,0.05349310344827586,0.0,32.654920598637005,32.78281433030744
136,TSLA230818C00287500,TSLA,253.86000061035156,0.882991306470788,C,287.5,12,0.48120635986328125,0.92,0.88,0.96,0.9199999999999999,0.05349310344827586,0.0,0.8515441540701829,0.8466868849069631
137,TSLA230818P00287500,TSLA,253.86000061035156,0.882991306470788,P,287.5,12,0.5964395825195312,34.25,33.3,35.7,34.5,0.05349310344827586,0.0,35.003540712709395,35.136039906945065
138,TSLA230818C00290000,TSLA,253.86000061035156,0.8753793124494882,C,290.0,12,0.48389187988281257,0.78,0.76,0.8,0.78,0.05349310344827586,0.0,0.7014688566418279,0.7008925309107662
139,TSLA230818P00290000,TSLA,253.86000061035156,0.8753793124494882,P,290.0,12,0.6097451135253908,36.68,35.9,38.05,36.974999999999994,0.05349310344827586,0.0,37.35207540408112,37.50025658277206
140,TSLA230818C00295000,TSLA,253.86000061035156,0.8605423749503442,C,295.0,12,0.49805189453125004,0.57,0.56,0.6,0.5800000000000001,0.05349310344827586,0.0,0.5169503784382776,0.5155849423180409
141,TSLA230818P00295000,TSLA,253.86000061035156,0.8605423749503442,P,295.0,12,0.5124560473632812,39.6,40.8,42.85,41.825,0.05349310344827586,0.0,41.215181913664026,41.44805593673951
142,TSLA230818C00300000,TSLA,253.86000061035156,0.8462000020345052,C,300.0,12,0.5034229345703125,0.42,0.41,0.42,0.415,0.05349310344827586,0.0,0.34984110582896655,0.34586586023847005
143,TSLA230818P00300000,TSLA,253.86000061035156,0.8462000020345052,P,300.0,12,0.5473678076171876,46.5,45.8,47.75,46.775,0.05349310344827586,0.0,46.15720308178797,46.4029923430973
144,TSLA230818C00305000,TSLA,253.86000061035156,0.8323278708536117,C,305.0,12,0.5473678076171876,0.33,0.32,0.55,0.43500000000000005,0.05349310344827586,0.0,0.36341503807389586,0.35918812534472977
145,TSLA230818P00305000,TSLA,253.86000061035156,0.8323278708536117,P,305.0,12,0.569340244140625,51.1,50.8,52.55,51.675,0.05349310344827586,0.0,51.055547659712914,51.3294897761906
146,TSLA230818C00310000,TSLA,253.86000061035156,0.8189032277753276,C,310.0,12,0.5351608984375,0.26,0.25,0.26,0.255,0.05349310344827586,0.0,0.20666685837323495,0.2059072689325575
147,TSLA230818P00310000,TSLA,253.86000061035156,0.8189032277753276,P,310.0,12,0.6088906298828126,49.4,55.8,57.55,56.675,0.05349310344827586,0.0,56.04357111476051,56.324955903468144
148,TSLA230818C00315000,TSLA,253.86000061035156,0.805904763842386,C,315.0,12,0.5498091894531252,0.2,0.19,0.21,0.2,0.05349310344827586,0.0,0.1597286275899954,0.158382792509377
149,TSLA230818P00315000,TSLA,253.86000061035156,0.805904763842386,P,315.0,12,0.5888712988281251,58.67,60.5,62.4,61.45,0.05349310344827586,0.0,60.83926906238412,61.18728822388877
150,TSLA230825C00215000,TSLA,253.86000061035156,1.180744188885356,C,215.0,19,0.6470982556152343,40.05,40.25,42.35,41.3,0.05380689655172414,0.0,41.621107648498366,41.611597569529664
151,TSLA230825P00215000,TSLA,253.86000061035156,1.180744188885356,P,215.0,19,0.5019581054687501,0.98,0.95,1.0,0.975,0.05380689655172414,0.0,0.8273990121349204,0.8283630866742988
152,TSLA230825C00220000,TSLA,253.86000061035156,1.1539090936834162,C,220.0,19,0.5241746801757812,36.1,34.45,36.75,35.6,0.05380689655172414,0.0,35.99164657193404,35.99512405298759
153,TSLA230825P00220000,TSLA,253.86000061035156,1.1539090936834162,P,220.0,19,0.4924367163085938,1.4,1.35,1.4,1.375,0.05380689655172414,0.0,1.2081422211630368,1.203025833125122
154,TSLA230825C00225000,TSLA,253.86000061035156,1.1282666693793402,C,225.0,19,0.5073291455078125,31.18,30.0,32.3,31.15,0.05380689655172414,0.0,31.5104617402759,31.51434754656742
155,TSLA230825P00225000,TSLA,253.86000061035156,1.1282666693793402,P,225.0,19,0.4842580871582032,1.93,1.88,1.99,1.935,0.05380689655172414,0.0,1.7454358243945265,1.75208820725423
156,TSLA230825C00230000,TSLA,253.86000061035156,1.1037391330884851,C,230.0,19,0.5336960693359375,27.1,27.05,28.05,27.55,0.05380689655172414,0.0,27.82709199243908,27.831128970982032
157,TSLA230825P00230000,TSLA,253.86000061035156,1.1037391330884851,P,230.0,19,0.47522497436523436,2.75,2.64,2.76,2.7,0.05380689655172414,0.0,2.4556233791237716,2.4686132486722054
158,TSLA230825C00235000,TSLA,253.86000061035156,1.0802553217461768,C,235.0,19,0.5440719421386719,23.35,22.1,24.05,23.075000000000003,0.05380689655172414,0.0,24.25985546959032,24.26944642896007
159,TSLA230825P00235000,TSLA,253.86000061035156,1.0802553217461768,P,235.0,19,0.46582565429687506,3.67,3.6,3.75,3.675,0.05380689655172414,0.0,3.3815232790524163,3.389848535781148
160,TSLA230825C00240000,TSLA,253.86000061035156,1.0577500025431315,C,240.0,19,0.5289353747558594,19.4,19.05,20.35,19.700000000000003,0.05380689655172414,0.0,20.516172179611715,20.52358378020784
161,TSLA230825P00240000,TSLA,253.86000061035156,1.0577500025431315,P,240.0,19,0.4585015087890626,4.98,4.0,5.05,4.525,0.05380689655172414,0.0,4.609936411763897,4.629073990717008
162,TSLA230825C00245000,TSLA,253.86000061035156,1.0361632677973533,C,245.0,19,0.4818167053222656,16.25,15.95,16.2,16.075,0.05380689655172414,0.0,16.347096952680744,16.35464452640651
163,TSLA230825P00245000,TSLA,253.86000061035156,1.0361632677973533,P,245.0,19,0.45288633056640626,6.58,6.5,6.7,6.6,0.05380689655172414,0.0,6.1879734810679565,6.222555488564105
164,TSLA230825C00250000,TSLA,253.86000061035156,1.0154400024414063,C,250.0,19,0.5198412274169921,13.0,12.95,14.25,13.6,0.05380689655172414,0.0,14.314962294425328,14.309542942176524
165,TSLA230825P00250000,TSLA,253.86000061035156,1.0154400024414063,P,250.0,19,0.4451349432373046,8.55,8.45,8.65,8.55,0.05380689655172414,0.0,8.070804726512918,8.098688214838596
166,TSLA230825C00255000,TSLA,253.86000061035156,0.9955294141582415,C,255.0,19,0.46783979431152345,10.46,10.35,10.55,10.45,0.05380689655172414,0.0,10.602060257665869,10.611061003767036
167,TSLA230825P00255000,TSLA,253.86000061035156,0.9955294141582415,P,255.0,19,0.4409235595703125,11.0,10.8,11.05,10.925,0.05380689655172414,0.0,10.40728195098805,10.464921031235026
168,TSLA230825C00260000,TSLA,253.86000061035156,0.9763846177321214,C,260.0,19,0.5098315618896485,8.2,8.2,9.4,8.8,0.05380689655172414,0.0,9.387892033521979,9.401952931333886
169,TSLA230825P00260000,TSLA,253.86000061035156,0.9763846177321214,P,260.0,19,0.43555251953125,13.65,13.55,13.8,13.675,0.05380689655172414,0.0,13.101694057329581,13.176406123888741
170,TSLA230825C00265000,TSLA,253.86000061035156,0.9579622664541568,C,265.0,19,0.45807426696777354,6.35,6.25,6.4,6.325,0.05380689655172414,0.0,6.383005074293138,6.378347311967685
171,TSLA230825P00265000,TSLA,253.86000061035156,0.9579622664541568,P,265.0,19,0.43158527404785163,16.95,15.7,16.95,16.325,0.05380689655172414,0.0,16.20509938252289,16.291973229386603
172,TSLA230825C00270000,TSLA,253.86000061035156,0.9402222244827836,C,270.0,19,0.46155323608398446,4.81,4.75,5.0,4.875,0.05380689655172414,0.0,4.959553531076594,4.957356715448449
173,TSLA230825P00270000,TSLA,253.86000061035156,0.9402222244827836,P,270.0,19,0.42792320129394534,20.25,18.45,20.45,19.45,0.05380689655172414,0.0,19.66894746443836,19.79918756858072
174,TSLA230825C00275000,TSLA,253.86000061035156,0.923127274946733,C,275.0,19,0.45862357788085945,3.65,3.55,3.75,3.65,0.05380689655172414,0.0,3.6962230908328735,3.7036223179254177
175,TSLA230825P00275000,TSLA,253.86000061035156,0.923127274946733,P,275.0,19,0.43201251586914063,24.25,23.15,24.4,23.775,0.05380689655172414,0.0,23.588883443382116,23.74817433589415
176,TSLA230825C00280000,TSLA,253.86000061035156,0.9066428593226842,C,280.0,19,0.4596001306152344,2.69,2.7,2.82,2.76,0.05380689655172414,0.0,2.760945295314116,2.766599742613943
177,TSLA230825P00280000,TSLA,253.86000061035156,0.9066428593226842,P,280.0,19,0.5200243310546875,28.38,26.95,30.0,28.475,0.05380689655172414,0.0,29.1337611390897,29.289263639648404
178,TSLA230825C00285000,TSLA,253.86000061035156,0.8907368442468476,C,285.0,19,0.46362841064453125,2.08,2.01,2.14,2.075,0.05380689655172414,0.0,2.076898282801068,2.0783137037670465
179,TSLA230825P00285000,TSLA,253.86000061035156,0.8907368442468476,P,285.0,19,0.5086719055175781,33.21,31.25,33.95,32.6,0.05380689655172414,0.0,33.07423964266667,33.26406412533182
180,TSLA230825C00290000,TSLA,253.86000061035156,0.8753793124494882,C,290.0,19,0.4683891052246094,1.6,1.56,1.62,1.59,0.05380689655172414,0.0,1.5597959228286662,1.5580833595509778
181,TSLA230825P00290000,TSLA,253.86000061035156,0.8753793124494882,P,290.0,19,0.5457809094238282,31.76,35.8,38.8,37.3,0.05380689655172414,0.0,37.89709119161728,38.11801663947895
182,TSLA230825C00295000,TSLA,253.86000061035156,0.8605423749503442,C,295.0,19,0.4738822143554688,1.21,1.17,1.23,1.2,0.05380689655172414,0.0,1.1729551311546587,1.1703166581871385
183,TSLA230825P00295000,TSLA,253.86000061035156,0.8605423749503442,P,295.0,19,0.5650678259277344,42.21,40.55,43.45,42.0,0.05380689655172414,0.0,42.52973940700866,42.77304547740291
184,TSLA230825C00300000,TSLA,253.86000061035156,0.8462000020345052,C,300.0,19,0.4815725671386719,0.95,0.9,0.95,0.925,0.05380689655172414,0.0,0.8977170243118806,0.8965540283796769
185,TSLA230825P00300000,TSLA,253.86000061035156,0.8462000020345052,P,300.0,19,0.5252733020019531,46.55,45.8,47.5,46.65,0.05380689655172414,0.0,46.59227473045567,46.909751224012815
186,TSLA230825C00305000,TSLA,253.86000061035156,0.8323278708536117,C,305.0,19,0.49121602539062503,0.75,0.7,0.75,0.725,0.05380689655172414,0.0,0.7017748139064768,0.7019805035653939
187,TSLA230825P00305000,TSLA,253.86000061035156,0.8323278708536117,P,305.0,19,0.5415084912109377,43.5,49.95,52.3,51.125,0.05380689655172414,0.0,51.37993773752194,51.73721565275321
188,TSLA230825C00310000,TSLA,253.86000061035156,0.8189032277753276,C,310.0,19,0.500005,0.6,0.58,0.59,0.585,0.05380689655172414,0.0,0.5466894698237414,0.5459762793328258
189,TSLA230825P00310000,TSLA,253.86000061035156,0.8189032277753276,P,310.0,19,0.5651898950195313,56.8,55.4,57.2,56.3,0.05380689655172414,0.0,56.26520595415613,56.64186218480308
190,TSLA230825C00315000,TSLA,253.86000061035156,0.805904763842386,C,315.0,19,0.5065967309570312,0.47,0.44,0.47,0.45499999999999996,0.05380689655172414,0.0,0.4175764179855115,0.4146747735177534
191,TSLA230825P00315000,TSLA,253.86000061035156,0.805904763842386,P,315.0,19,0.5927775097656252,57.15,59.85,62.15,61.0,0.05380689655172414,0.0,61.19904356917806,61.60102203618374
192,TSLA230901C00215000,TSLA,253.86000061035156,1.180744188885356,C,215.0,26,0.5478560839843751,46.75,40.2,42.15,41.175,0.054120689655172416,0.0,41.74767882171474,41.73767240988676
193,TSLA230901P00215000,TSLA,253.86000061035156,1.180744188885356,P,215.0,26,0.4981739636230469,1.65,1.59,1.68,1.635,0.054120689655172416,0.0,1.4747640865551581,1.4770418102005143
194,TSLA230901C00220000,TSLA,253.86000061035156,1.1539090936834162,C,220.0,26,0.516606396484375,37.48,35.8,37.25,36.525,0.054120689655172416,0.0,37.08756150563295,37.09149240678667
195,TSLA230901P00220000,TSLA,253.86000061035156,1.1539090936834162,P,220.0,26,0.4858449853515625,2.2,2.07,2.21,2.1399999999999997,0.054120689655172416,0.0,1.9597817666121244,1.965699849440272
196,TSLA230901C00225000,TSLA,253.86000061035156,1.1282666693793402,C,225.0,26,0.5129443237304687,36.15,31.55,33.3,32.425,0.054120689655172416,0.0,32.942974815586865,32.94462759638382
197,TSLA230901P00225000,TSLA,253.86000061035156,1.1282666693793402,P,225.0,26,0.48340360351562506,2.93,2.87,3.05,2.96,0.054120689655172416,0.0,2.7345767222058726,2.7503954723916766
198,TSLA230901C00230000,TSLA,253.86000061035156,1.1037391330884851,C,230.0,26,0.5000660345458985,28.85,27.25,29.45,28.35,0.054120689655172416,0.0,28.828847467422634,28.83142748073816
199,TSLA230901P00230000,TSLA,253.86000061035156,1.1037391330884851,P,230.0,26,0.47546911254882807,3.85,3.7,4.0,3.85,0.054120689655172416,0.0,3.6218063235924873,3.64437098914609
200,TSLA230901C00235000,TSLA,253.86000061035156,1.0802553217461768,C,235.0,26,0.5129443237304687,25.33,24.45,25.05,24.75,0.054120689655172416,0.0,25.45943775997239,25.445580327686756
201,TSLA230901P00235000,TSLA,253.86000061035156,1.0802553217461768,P,235.0,26,0.46191944335937507,5.05,4.9,5.05,4.975,0.054120689655172416,0.0,4.607253496719181,4.636163065850807
202,TSLA230901C00240000,TSLA,253.86000061035156,1.0577500025431315,C,240.0,26,0.5105639764404297,21.09,21.0,21.7,21.35,0.054120689655172416,0.0,22.0548086160116,22.048633437267682
203,TSLA230901P00240000,TSLA,253.86000061035156,1.0577500025431315,P,240.0,26,0.4577690942382813,6.42,6.35,6.55,6.449999999999999,0.054120689655172416,0.0,6.030962632656539,6.06314051994628
204,TSLA230901C00245000,TSLA,253.86000061035156,1.0361632677973533,C,245.0,26,0.4881032635498047,17.94,17.75,18.1,17.925,0.054120689655172416,0.0,18.416225358099695,18.408790895494434
205,TSLA230901P00245000,TSLA,253.86000061035156,1.0361632677973533,P,245.0,26,0.4519708123779297,8.1,7.0,8.3,7.65,0.054120689655172416,0.0,7.7038052554575245,7.735131675496236
206,TSLA230901C00250000,TSLA,253.86000061035156,1.0154400024414063,C,250.0,26,0.47876497802734375,15.15,14.8,15.1,14.95,0.054120689655172416,0.0,15.364111593377743,15.364621030786672
207,TSLA230901P00250000,TSLA,253.86000061035156,1.0154400024414063,P,250.0,26,0.44598942687988286,10.23,10.05,10.35,10.2,0.054120689655172416,0.0,9.676900963473457,9.723944468423674
208,TSLA230901C00255000,TSLA,253.86000061035156,0.9955294141582415,C,255.0,26,0.4734549725341797,12.42,12.15,12.5,12.325,0.054120689655172416,0.0,12.713681227088031,12.721658002225501
209,TSLA230901P00255000,TSLA,253.86000061035156,0.9955294141582415,P,255.0,26,0.45935599243164066,12.87,12.45,13.25,12.85,0.054120689655172416,0.0,12.492033359912043,12.56893848488848
210,TSLA230901C00260000,TSLA,253.86000061035156,0.9763846177321214,C,260.0,26,0.46808393249511715,10.12,9.85,10.2,10.024999999999999,0.054120689655172416,0.0,10.366053761691376,10.378714607820191
211,TSLA230901P00260000,TSLA,253.86000061035156,0.9763846177321214,P,260.0,26,0.43555251953125,15.32,15.1,15.45,15.274999999999999,0.054120689655172416,0.0,14.63125191960549,14.736383921361778
212,TSLA230901C00265000,TSLA,253.86000061035156,0.9579622664541568,C,265.0,26,0.46283496154785164,8.15,8.0,8.2,8.1,0.054120689655172416,0.0,8.323811302231263,8.337960728374775
213,TSLA230901P00265000,TSLA,253.86000061035156,0.9579622664541568,P,265.0,26,0.4310969976806641,18.43,18.15,18.5,18.325,0.054120689655172416,0.0,17.616609436270892,17.747017759391284
214,TSLA230901C00270000,TSLA,253.86000061035156,0.9402222244827836,C,270.0,26,0.46210254699707043,6.55,6.4,6.6,6.5,0.054120689655172416,0.0,6.686699702629468,6.699616057782927
215,TSLA230901P00270000,TSLA,253.86000061035156,0.9402222244827836,P,270.0,26,0.4445856323242187,21.55,21.55,22.3,21.925,0.054120689655172416,0.0,21.35378403161937,21.512034973344697
216,TSLA230901C00275000,TSLA,253.86000061035156,0.923127274946733,C,275.0,26,0.46332323791503904,5.16,5.05,5.3,5.175,0.054120689655172416,0.0,5.356036683458726,5.366918965298439
217,TSLA230901P00275000,TSLA,253.86000061035156,0.923127274946733,P,275.0,26,0.4312801013183594,25.45,25.15,25.7,25.424999999999997,0.054120689655172416,0.0,24.70520227276421,24.893826254379473
218,TSLA230901C00280000,TSLA,253.86000061035156,0.9066428593226842,C,280.0,26,0.4611870288085938,4.09,3.95,4.15,4.050000000000001,0.054120689655172416,0.0,4.181978567468967,4.189917438421485
219,TSLA230901P00280000,TSLA,253.86000061035156,0.9066428593226842,P,280.0,26,0.4733939379882813,24.31,29.1,30.55,29.825000000000003,0.054120689655172416,0.0,29.504193467123116,29.72959926093186
220,TSLA230901C00285000,TSLA,253.86000061035156,0.8907368442468476,C,285.0,26,0.46393358337402346,3.3,3.1,3.3,3.2,0.054120689655172416,0.0,3.3142683939468327,3.321011221651553
221,TSLA230901P00285000,TSLA,253.86000061035156,0.8907368442468476,P,285.0,26,0.47998566894531247,33.62,32.15,34.75,33.45,0.054120689655172416,0.0,33.66636837971208,33.93037812970347
222,TSLA230901C00290000,TSLA,253.86000061035156,0.8753793124494882,C,290.0,26,0.46545944702148445,2.55,2.41,2.59,2.5,0.054120689655172416,0.0,2.590791179908827,2.5962695042450776
223,TSLA230901P00290000,TSLA,253.86000061035156,0.8753793124494882,P,290.0,26,0.48413601806640627,36.2,37.15,39.05,38.099999999999994,0.054120689655172416,0.0,37.934391924879094,38.24153452026998
224,TSLA230901C00295000,TSLA,253.86000061035156,0.8605423749503442,C,295.0,26,0.46973186523437505,2.05,1.95,2.06,2.005,0.054120689655172416,0.0,2.05102458103201,2.0551831255300717
225,TSLA230901P00295000,TSLA,253.86000061035156,0.8605423749503442,P,295.0,26,0.4928029235839845,42.95,41.65,43.55,42.599999999999994,0.054120689655172416,0.0,42.40576618967799,42.75049390469979
226,TSLA230901C00300000,TSLA,253.86000061035156,0.8462000020345052,C,300.0,26,0.47681187255859375,1.6,1.56,1.67,1.615,0.054120689655172416,0.0,1.6556085155698383,1.6553347232516689
227,TSLA230901P00300000,TSLA,253.86000061035156,0.8462000020345052,P,300.0,26,0.5054981091308592,47.2,46.3,48.2,47.25,0.054120689655172416,0.0,47.02812149990959,47.42354235779318
228,TSLA230901C00305000,TSLA,253.86000061035156,0.8323278708536117,C,305.0,26,0.481450498046875,1.32,1.24,1.33,1.2850000000000001,0.054120689655172416,0.0,1.311614275792131,1.3047101548639544
229,TSLA230901P00305000,TSLA,253.86000061035156,0.8323278708536117,P,305.0,26,0.5211229528808592,41.06,50.85,52.95,51.900000000000006,0.054120689655172416,0.0,51.752844592167946,52.190858295349024
230,TSLA230901C00310000,TSLA,253.86000061035156,0.8189032277753276,C,310.0,26,0.48730981445312505,1.05,0.99,1.07,1.03,0.054120689655172416,0.0,1.049934756495741,1.0451582235494745
231,TSLA230901P00310000,TSLA,253.86000061035156,0.8189032277753276,P,310.0,26,0.5373581420898439,50.32,55.85,57.75,56.8,0.054120689655172416,0.0,56.52994797455071,57.003095696327115
232,TSLA230901C00315000,TSLA,253.86000061035156,0.805904763842386,C,315.0,26,0.49414568359375005,0.87,0.8,0.87,0.835,0.054120689655172416,0.0,0.8496611222838855,0.8499348143355873
233,TSLA230901P00315000,TSLA,253.86000061035156,0.805904763842386,P,315.0,26,0.5594526477050781,59.42,60.5,62.65,61.575,0.054120689655172416,0.0,61.40553473250344,61.9110658308111
234,TSLA230908C00215000,TSLA,253.86000061035156,1.180744188885356,C,215.0,33,0.5347946911621093,42.65,40.95,42.9,41.925,0.05439836065573771,0.0,42.67006943492629,42.673541419133585
235,TSLA230908P00215000,TSLA,253.86000061035156,1.180744188885356,P,215.0,33,0.4865773999023438,2.22,2.17,2.29,2.23,0.05439836065573771,0.0,2.0332301642495096,2.030868639485578
236,TSLA230908C00220000,TSLA,253.86000061035156,1.1539090936834162,C,220.0,33,0.5222215747070311,37.38,36.65,38.65,37.65,0.05439836065573771,0.0,38.36646997276523,38.37481666505589
237,TSLA230908P00220000,TSLA,253.86000061035156,1.1539090936834162,P,220.0,33,0.4774222180175781,2.9,2.8,2.96,2.88,0.05439836065573771,0.0,2.6501147712396573,2.6516691299055872
238,TSLA230908C00225000,TSLA,253.86000061035156,1.1282666693793402,C,225.0,33,0.5089160437011719,33.6,32.3,34.7,33.5,0.05439836065573771,0.0,34.18345086190706,34.193449468135746
239,TSLA230908P00225000,TSLA,253.86000061035156,1.1282666693793402,P,225.0,33,0.4713187634277344,3.75,3.65,3.85,3.75,0.05439836065573771,0.0,3.474134985901763,3.4775016178420013
240,TSLA230908C00230000,TSLA,253.86000061035156,1.1037391330884851,C,230.0,33,0.5203295037841795,31.45,29.1,30.1,29.6,0.05439836065573771,0.0,30.7193084993678,30.73227688038189
241,TSLA230908P00230000,TSLA,253.86000061035156,1.1037391330884851,P,230.0,33,0.45935599243164066,4.8,3.35,4.8,4.075,0.05439836065573771,0.0,4.359235648381521,4.370396633239457
242,TSLA230908C00235000,TSLA,253.86000061035156,1.0802553217461768,C,235.0,33,0.5112353564453125,26.33,25.4,26.45,25.924999999999997,0.05439836065573771,0.0,27.02296462858402,27.037635624259014
243,TSLA230908P00235000,TSLA,253.86000061035156,1.0802553217461768,P,235.0,33,0.457585990600586,6.0,4.85,6.2,5.525,0.05439836065573771,0.0,5.676538814435659,5.694739107628298
244,TSLA230908C00240000,TSLA,253.86000061035156,1.0577500025431315,C,240.0,33,0.4998829309082031,22.95,22.0,22.95,22.475,0.05439836065573771,0.0,23.474989291728605,23.488707971572634
245,TSLA230908P00240000,TSLA,253.86000061035156,1.0577500025431315,P,240.0,33,0.4554497814941406,7.56,7.3,7.85,7.574999999999999,0.05439836065573771,0.0,7.241843357311993,7.277311897284234
246,TSLA230908C00245000,TSLA,253.86000061035156,1.0361632677973533,C,245.0,33,0.48438015625,19.45,18.9,19.55,19.225,0.05439836065573771,0.0,20.02851200820436,20.038714357457014
247,TSLA230908P00245000,TSLA,253.86000061035156,1.0361632677973533,P,245.0,33,0.4473321868896484,9.3,9.2,9.6,9.399999999999999,0.05439836065573771,0.0,8.908712488817585,8.960469010362218
248,TSLA230908C00250000,TSLA,253.86000061035156,1.0154400024414063,C,250.0,33,0.4792532543945312,16.2,16.0,16.7,16.35,0.05439836065573771,0.0,17.12065891020933,17.12946063870511
249,TSLA230908P00250000,TSLA,253.86000061035156,1.0154400024414063,P,250.0,33,0.44348701049804684,11.3,11.25,11.75,11.5,0.05439836065573771,0.0,10.969936539925527,11.043490028444676
250,TSLA230908C00255000,TSLA,253.86000061035156,0.9955294141582415,C,255.0,33,0.47046427978515626,13.7,13.4,14.0,13.7,0.05439836065573771,0.0,14.367079986124708,14.373986497398766
251,TSLA230908P00255000,TSLA,253.86000061035156,0.9955294141582415,P,255.0,33,0.4335994140625,14.2,13.6,14.0,13.8,0.05439836065573771,0.0,13.136250557437435,13.235072645419665
252,TSLA230908C00260000,TSLA,253.86000061035156,0.9763846177321214,C,260.0,33,0.4691825543212891,11.5,11.25,11.8,11.525,0.05439836065573771,0.0,12.110273011279844,12.114702616512774
253,TSLA230908P00260000,TSLA,253.86000061035156,0.9763846177321214,P,260.0,33,0.43219561950683594,16.58,16.15,16.8,16.475,0.05439836065573771,0.0,15.851314301075007,15.979437303281536
254,TSLA230908C00265000,TSLA,253.86000061035156,0.9579622664541568,C,265.0,33,0.46094289062500005,9.5,9.1,9.65,9.375,0.05439836065573771,0.0,9.911151225493171,9.91432273140021
255,TSLA230908P00265000,TSLA,253.86000061035156,0.9579622664541568,P,265.0,33,0.4296321685791016,19.0,19.2,19.85,19.525,0.05439836065573771,0.0,18.819802827353072,18.981518289484022
256,TSLA230908C00270000,TSLA,253.86000061035156,0.9402222244827836,C,270.0,33,0.4555718505859375,7.78,7.45,7.85,7.65,0.05439836065573771,0.0,8.062616386035018,8.064155928452427
257,TSLA230908P00270000,TSLA,253.86000061035156,0.9402222244827836,P,270.0,33,0.426336303100586,22.82,22.5,23.15,22.825,0.05439836065573771,0.0,22.044073749593338,22.245146099377383
258,TSLA230908C00275000,TSLA,253.86000061035156,0.923127274946733,C,275.0,33,0.45404598693847653,6.3,6.2,6.4,6.300000000000001,0.05439836065573771,0.0,6.571423494222401,6.568810007984782
259,TSLA230908P00275000,TSLA,253.86000061035156,0.923127274946733,P,275.0,33,0.4415339050292969,26.71,25.95,27.2,26.575,0.05439836065573771,0.0,26.02436779842384,26.257194779365985
260,TSLA230908C00280000,TSLA,253.86000061035156,0.9066428593226842,C,280.0,33,0.45966116516113287,5.15,5.0,5.35,5.175,0.05439836065573771,0.0,5.484311629923326,5.468572453433761
261,TSLA230908P00280000,TSLA,253.86000061035156,0.9066428593226842,P,280.0,33,0.43622389953613283,29.97,29.85,30.9,30.375,0.05439836065573771,0.0,29.663149649399145,29.948893583325656
262,TSLA230908C00285000,TSLA,253.86000061035156,0.8907368442468476,C,285.0,33,0.4602715106201172,4.1,4.0,4.35,4.175,0.05439836065573771,0.0,4.453493793025764,4.445550591109036
263,TSLA230908P00285000,TSLA,253.86000061035156,0.8907368442468476,P,285.0,33,0.4735770416259766,29.87,33.35,35.8,34.575,0.05439836065573771,0.0,34.508139047535934,34.81739349999114
264,TSLA230908C00290000,TSLA,253.86000061035156,0.8753793124494882,C,290.0,33,0.4602104760742188,3.45,3.25,3.5,3.375,0.05439836065573771,0.0,3.578319457259198,3.5779983576969294
265,TSLA230908P00290000,TSLA,253.86000061035156,0.8753793124494882,P,290.0,33,0.4771780798339844,38.65,37.8,40.0,38.9,0.05439836065573771,0.0,38.65887941880365,39.02470540435093
266,TSLA230908C00295000,TSLA,253.86000061035156,0.8605423749503442,C,295.0,33,0.4608818560791016,2.75,2.63,2.81,2.7199999999999998,0.05439836065573771,0.0,2.8679839101602624,2.8722777237212136
267,TSLA230908P00295000,TSLA,253.86000061035156,0.8605423749503442,P,295.0,33,0.46631393066406257,38.85,42.15,44.05,43.099999999999994,0.05439836065573771,0.0,42.66376502425976,43.10305797876303
268,TSLA230908C00300000,TSLA,253.86000061035156,0.8462000020345052,C,300.0,33,0.4655815161132813,2.22,2.14,2.31,2.225,0.05439836065573771,0.0,2.3522743036555767,2.356665859749673
269,TSLA230908P00300000,TSLA,253.86000061035156,0.8462000020345052,P,300.0,33,0.47449255981445315,45.5,46.45,48.6,47.525000000000006,0.05439836065573771,0.0,47.17250779154486,47.66680005323218
270,TSLA230908C00305000,TSLA,253.86000061035156,0.8323278708536117,C,305.0,33,0.4676566906738281,1.89,1.56,1.86,1.71,0.05439836065573771,0.0,1.8894539728287967,1.887417580401835
271,TSLA230908C00310000,TSLA,253.86000061035156,0.8189032277753276,C,310.0,33,0.47412635253906255,1.55,1.42,1.55,1.4849999999999999,0.05439836065573771,0.0,1.5699552805849848,1.5621762730000617
272,TSLA230908P00310000,TSLA,253.86000061035156,0.8189032277753276,P,310.0,33,0.4968312036132813,53.5,55.55,58.0,56.775,0.05439836065573771,0.0,56.500817526201615,57.109392694945925
273,TSLA230908C00315000,TSLA,253.86000061035156,0.805904763842386,C,315.0,33,0.4801077380371094,1.26,1.17,1.29,1.23,0.05439836065573771,0.0,1.3020054946184985,1.3033821797410066
274,TSLA230908P00315000,TSLA,253.86000061035156,0.805904763842386,P,315.0,33,0.5102588037109376,60.38,60.35,62.8,61.575,0.05439836065573771,0.0,61.2696680699012,61.92139039566349
275,TSLA230915C00213330,TSLA,253.86000061035156,1.1899873464133106,C,213.33,40,0.5374802111816408,46.27,43.45,45.05,44.25,0.054627868852459016,0.0,45.16131662607219,45.15347255066548
276,TSLA230915P00213330,TSLA,253.86000061035156,1.1899873464133106,P,213.33,40,0.49030050720214846,2.71,2.72,2.84,2.7800000000000002,0.054627868852459016,0.0,2.535264475555522,2.552551667256035
277,TSLA230915C00215000,TSLA,253.86000061035156,1.180744188885356,C,215.0,40,0.5358322784423828,43.82,42.2,43.55,42.875,0.054627868852459016,0.0,43.775134663417816,43.78315183318805
278,TSLA230915P00215000,TSLA,253.86000061035156,1.180744188885356,P,215.0,40,0.48633326171875,3.0,2.98,3.05,3.0149999999999997,0.054627868852459016,0.0,2.728331787061258,2.743550112454462
279,TSLA230915C00216670,TSLA,253.86000061035156,1.1716435159936842,C,216.67,40,0.5404098693847659,46.9,40.7,42.6,41.650000000000006,0.054627868852459016,0.0,42.53070318094993,42.53433681982635
280,TSLA230915P00216670,TSLA,253.86000061035156,1.1716435159936842,P,216.67,40,0.4836477416992188,3.11,3.2,3.3,3.25,0.054627868852459016,0.0,2.9572748274167466,2.9577350602105996
281,TSLA230915C00220000,TSLA,253.86000061035156,1.1539090936834162,C,220.0,40,0.5346726220703125,38.88,38.35,39.55,38.95,0.054627868852459016,0.0,39.809706259465,39.81611640062318
282,TSLA230915P00220000,TSLA,253.86000061035156,1.1539090936834162,P,220.0,40,0.47852083984375,3.8,3.75,3.85,3.8,0.054627868852459016,0.0,3.4651730866813892,3.4890968862867378
283,TSLA230915C00225000,TSLA,253.86000061035156,1.1282666693793402,C,225.0,40,0.5199022619628906,35.1,34.55,35.2,34.875,0.054627868852459016,0.0,35.70199357795326,35.68923753222529
284,TSLA230915P00225000,TSLA,253.86000061035156,1.1282666693793402,P,225.0,40,0.47241738525390625,4.73,4.7,4.85,4.775,0.054627868852459016,0.0,4.393460112381334,4.426376995757663
285,TSLA230915C00226670,TSLA,253.86000061035156,1.1199541210144772,C,226.67,40,0.5161791546630858,39.6,33.25,33.9,33.575,0.054627868852459016,0.0,34.38968051300424,34.39930071363987
286,TSLA230915P00226670,TSLA,253.86000061035156,1.1199541210144772,P,226.67,40,0.46936565795898444,5.2,5.05,5.2,5.125,0.054627868852459016,0.0,4.719269217886563,4.74187429493209
287,TSLA230915C00230000,TSLA,253.86000061035156,1.1037391330884851,C,230.0,40,0.5109912182617188,31.11,30.85,31.35,31.1,0.054627868852459016,0.0,31.885112208290764,31.8810670410032
288,TSLA230915P00230000,TSLA,253.86000061035156,1.1037391330884851,P,230.0,40,0.46484910156250003,5.87,5.1,6.0,5.55,0.054627868852459016,0.0,5.466709900628928,5.509330893143157
289,TSLA230915C00233330,TSLA,253.86000061035156,1.0879869738582761,C,233.33,40,0.501103621826172,28.86,28.25,28.9,28.575,0.054627868852459016,0.0,29.33309657447404,29.347946445238
290,TSLA230915P00233330,TSLA,253.86000061035156,1.0879869738582761,P,233.33,40,0.4588677160644532,6.8,6.7,6.85,6.775,0.054627868852459016,0.0,6.262761547219824,6.291988193105442
291,TSLA230915C00235000,TSLA,253.86000061035156,1.0802553217461768,C,235.0,40,0.5017139672851563,28.06,27.25,27.75,27.5,0.054627868852459016,0.0,28.23810923059301,28.24795380732383
292,TSLA230915P00235000,TSLA,253.86000061035156,1.0802553217461768,P,235.0,40,0.4572808178710938,7.3,6.45,7.35,6.9,0.054627868852459016,0.0,6.734056315283425,6.7870633112017345
293,TSLA230915C00240000,TSLA,253.86000061035156,1.0577500025431315,C,240.0,40,0.5004932763671875,23.9,23.85,24.35,24.1,0.054627868852459016,0.0,25.028726124374373,25.04522509384672
294,TSLA230915P00240000,TSLA,253.86000061035156,1.0577500025431315,P,240.0,40,0.45075012145996096,8.86,8.65,8.95,8.8,0.054627868852459016,0.0,8.245557905749294,8.310719976860351
295,TSLA230915C00241670,TSLA,253.86000061035156,1.050440686102336,C,241.67,40,0.5016529327392578,23.0,22.8,23.4,23.1,0.054627868852459016,0.0,24.056956333237594,24.050311685528804
296,TSLA230915P00241670,TSLA,253.86000061035156,1.050440686102336,P,241.67,40,0.4489801196289062,9.6,9.35,9.55,9.45,0.054627868852459016,0.0,8.81442661533832,8.883840165725026
297,TSLA230915C00245000,TSLA,253.86000061035156,1.0361632677973533,C,245.0,40,0.5105029418945313,20.92,20.8,21.8,21.3,0.054627868852459016,0.0,22.410053390103997,22.430011721799893
298,TSLA230915P00245000,TSLA,253.86000061035156,1.0361632677973533,P,245.0,40,0.4445856323242187,10.67,9.45,10.8,10.125,0.054627868852459016,0.0,10.00335853414272,10.08318866816663
299,TSLA230915C00246670,TSLA,253.86000061035156,1.0291482572276789,C,246.67,40,0.5006763800048828,20.3,19.8,21.35,20.575000000000003,0.054627868852459016,0.0,21.17118540322045,21.178854147192183
300,TSLA230915P00246670,TSLA,253.86000061035156,1.0291482572276789,P,246.67,40,0.4433039068603516,11.35,11.3,11.5,11.4,0.054627868852459016,0.0,10.67037052232942,10.759534674730707
301,TSLA230915C00250000,TSLA,253.86000061035156,1.0154400024414063,C,250.0,40,0.4813284289550781,18.25,17.95,18.2,18.075,0.054627868852459016,0.0,18.76845602740039,18.78306733777949
302,TSLA230915P00250000,TSLA,253.86000061035156,1.0154400024414063,P,250.0,40,0.4382990740966797,12.82,12.7,12.9,12.8,0.054627868852459016,0.0,12.00697648246333,12.104849885910081
303,TSLA230915C00253330,TSLA,253.86000061035156,1.002092135200535,C,253.33,40,0.5162401892089843,16.24,16.2,17.75,16.975,0.054627868852459016,0.0,18.25735437829769,18.249365501541288
304,TSLA230915P00253330,TSLA,253.86000061035156,1.002092135200535,P,253.33,40,0.4343318286132813,14.32,13.45,14.45,13.95,0.054627868852459016,0.0,13.492351376383581,13.591671105736236
305,TSLA230915C00255000,TSLA,253.86000061035156,0.9955294141582415,C,255.0,40,0.4844411907958984,15.5,15.35,15.9,15.625,0.054627868852459016,0.0,16.40373719156449,16.409078160587317
306,TSLA230915P00255000,TSLA,253.86000061035156,0.9955294141582415,P,255.0,40,0.4317073431396484,15.1,15.1,15.25,15.175,0.054627868852459016,0.0,14.260224226673145,14.380859379909657
307,TSLA230915C00258330,TSLA,253.86000061035156,0.9826965532859194,C,258.33,40,0.47174600524902344,13.95,13.8,14.0,13.9,0.054627868852459016,0.0,14.469737603316545,14.476021334907216
308,TSLA230915P00258330,TSLA,253.86000061035156,0.9826965532859194,P,258.33,40,0.42847251220703125,17.0,16.8,17.0,16.9,0.054627868852459016,0.0,15.947044266981692,16.07788541099921
309,TSLA230915C00260000,TSLA,253.86000061035156,0.9763846177321214,C,260.0,40,0.4686332434082031,13.2,13.05,13.2,13.125,0.054627868852459016,0.0,13.648887720571423,13.641671863473633
310,TSLA230915P00260000,TSLA,253.86000061035156,0.9763846177321214,P,260.0,40,0.42914389221191407,17.97,16.55,18.0,17.275,0.054627868852459016,0.0,16.91451349923497,17.062847304491523
311,TSLA230915C00265000,TSLA,253.86000061035156,0.9579622664541568,C,265.0,40,0.4784598052978516,11.07,11.0,11.6,11.3,0.054627868852459016,0.0,11.98834520689114,11.979977489085313
312,TSLA230915P00265000,TSLA,253.86000061035156,0.9579622664541568,P,265.0,40,0.42163664306640625,20.93,18.95,20.85,19.9,0.054627868852459016,0.0,19.67027186279728,19.85484214305554
313,TSLA230915C00266670,TSLA,253.86000061035156,0.9519631027500339,C,266.67,40,0.4647270324707031,10.4,10.35,10.55,10.45,0.054627868852459016,0.0,10.923072283598458,10.93249663829526
314,TSLA230915P00266670,TSLA,253.86000061035156,0.9519631027500339,P,266.67,40,0.42340664489746094,21.6,20.55,22.0,21.275,0.054627868852459016,0.0,20.78950651162964,20.999586201029075
315,TSLA230915C00270000,TSLA,253.86000061035156,0.9402222244827836,C,270.0,40,0.4633842724609375,9.35,9.2,9.4,9.3,0.054627868852459016,0.0,9.737193313248326,9.73743293699394
316,TSLA230915P00270000,TSLA,253.86000061035156,0.9402222244827836,P,270.0,40,0.4200497448730469,24.14,23.9,24.15,24.025,0.054627868852459016,0.0,22.88009461775883,23.10478605211753
317,TSLA230915C00273330,TSLA,253.86000061035156,0.9287674262259963,C,273.33,40,0.49695327270507816,8.2,8.15,9.45,8.8,0.054627868852459016,0.0,9.751072099329889,9.752356727877665
318,TSLA230915P00273330,TSLA,253.86000061035156,0.9287674262259963,P,273.33,40,0.42780113220214844,26.21,26.15,26.75,26.45,0.054627868852459016,0.0,25.423443888619516,25.68698973458619
319,TSLA230915C00275000,TSLA,253.86000061035156,0.923127274946733,C,275.0,40,0.4612480633544922,7.85,7.65,7.85,7.75,0.054627868852459016,0.0,8.136363306770662,8.146567803650289
320,TSLA230915P00275000,TSLA,253.86000061035156,0.923127274946733,P,275.0,40,0.42889975402832037,27.73,27.05,28.0,27.525,0.054627868852459016,0.0,26.64575867990399,26.903408985148893
321,TSLA230915C00280000,TSLA,253.86000061035156,0.9066428593226842,C,280.0,40,0.46759565612792964,6.4,6.35,6.75,6.55,0.054627868852459016,0.0,6.991633896460883,7.006046106130171
322,TSLA230915P00280000,TSLA,253.86000061035156,0.9066428593226842,P,280.0,40,0.4244442321777344,31.41,30.75,31.65,31.2,0.054627868852459016,0.0,30.216831241493168,30.53977818404767
323,TSLA230915C00283330,TSLA,253.86000061035156,0.8959870137661087,C,283.33,40,0.45905081970214845,5.7,5.6,5.75,5.675,0.054627868852459016,0.0,5.961725064942215,5.954840216385398
324,TSLA230915P00283330,TSLA,253.86000061035156,0.8959870137661087,P,283.33,40,0.42529871582031253,29.7,33.6,34.3,33.95,0.054627868852459016,0.0,32.816632888103754,33.19971800653118
325,TSLA230915C00285000,TSLA,253.86000061035156,0.8907368442468476,C,285.0,40,0.48633326171875,5.3,5.25,6.15,5.7,0.054627868852459016,0.0,6.352911452869826,6.34255972713372
326,TSLA230915P00285000,TSLA,253.86000061035156,0.8907368442468476,P,285.0,40,0.4254818194580079,31.01,34.55,35.65,35.099999999999994,0.054627868852459016,0.0,34.14343823298802,34.53933487070645
327,TSLA230915C00286670,TSLA,253.86000061035156,0.8855478445960566,C,286.67,40,0.4602104760742188,5.05,4.95,5.1,5.025,0.054627868852459016,0.0,5.286969435245034,5.296483026132259
328,TSLA230915P00286670,TSLA,253.86000061035156,0.8855478445960566,P,286.67,40,0.43683424499511714,28.6,35.85,37.3,36.575,0.054627868852459016,0.0,35.77433723863402,36.17088571223622
329,TSLA230915C00290000,TSLA,253.86000061035156,0.8753793124494882,C,290.0,40,0.4606377178955079,4.45,4.4,4.5,4.45,0.054627868852459016,0.0,4.663916026217599,4.661435973437665
330,TSLA230915P00290000,TSLA,253.86000061035156,0.8753793124494882,P,290.0,40,0.4470270141601562,38.25,38.75,40.3,39.525,0.054627868852459016,0.0,38.73400063965954,39.18091547931393
331,TSLA230915C00291670,TSLA,253.86000061035156,0.8703671978960865,C,291.67,40,0.4619804779052735,4.15,4.1,4.25,4.175,0.054627868852459016,0.0,4.403699265548248,4.412669239794602
332,TSLA230915P00291670,TSLA,253.86000061035156,0.8703671978960865,P,291.67,40,0.46582565429687506,36.91,39.6,42.15,40.875,0.054627868852459016,0.0,40.5672832986248,41.01446024293866
333,TSLA230915C00293330,TSLA,253.86000061035156,0.8654416548268216,C,293.33,40,0.4626518579101563,3.9,3.85,4.0,3.925,0.054627868852459016,0.0,4.143105307953839,4.149501733384698
334,TSLA230915P00293330,TSLA,253.86000061035156,0.8654416548268216,P,293.33,40,0.46619186157226566,44.11,41.05,43.55,42.3,0.054627868852459016,0.0,41.94680351893669,42.41590857474856
335,TSLA230915C00295000,TSLA,253.86000061035156,0.8605423749503442,C,295.0,40,0.46289599609375004,3.65,3.6,3.75,3.675,0.054627868852459016,0.0,3.885187105483972,3.8743346808843335
336,TSLA230915P00295000,TSLA,253.86000061035156,0.8605423749503442,P,295.0,40,0.4742484216308594,43.1,42.55,45.15,43.849999999999994,0.054627868852459016,0.0,43.5291340931436,44.00562730192205
337,TSLA230915C00300000,TSLA,253.86000061035156,0.8462000020345052,C,300.0,40,0.4642387561035156,3.08,3.0,3.1,3.05,0.054627868852459016,0.0,3.2083236798231525,3.2124082328816486
338,TSLA230915P00300000,TSLA,253.86000061035156,0.8462000020345052,P,300.0,40,0.45264219238281256,47.46,47.0,49.0,48.0,0.054627868852459016,0.0,47.31838170268006,47.900354754543315
339,TSLA230915C00305000,TSLA,253.86000061035156,0.8323278708536117,C,305.0,40,0.4670463452148438,2.55,2.5,2.58,2.54,0.054627868852459016,0.0,2.6676277069699665,2.6718628159334292
340,TSLA230915P00305000,TSLA,253.86000061035156,0.8323278708536117,P,305.0,40,0.46619186157226566,52.0,51.8,53.7,52.75,0.054627868852459016,0.0,51.97103922021114,52.6208885352418
341,TSLA230915C00306670,TSLA,253.86000061035156,0.8277953520407981,C,306.67,40,0.46936565795898444,2.5,2.36,2.45,2.4050000000000002,0.054627868852459016,0.0,2.532494869833549,2.536930961045692
342,TSLA230915P00306670,TSLA,253.86000061035156,0.8277953520407981,P,306.67,40,0.4689994506835938,42.2,53.35,55.25,54.3,0.054627868852459016,0.0,53.50536305469453,54.178038584563666
343,TSLA230915C00308330,TSLA,253.86000061035156,0.8233386326674393,C,308.33,40,0.47736118347167966,2.28,2.18,2.43,2.305,0.054627868852459016,0.0,2.507468424438919,2.5094593216592602
344,TSLA230915P00308330,TSLA,253.86000061035156,0.8233386326674393,P,308.33,40,0.47192910888671874,50.82,54.9,56.8,55.849999999999994,0.054627868852459016,0.0,55.03991429461479,55.73079264026961
345,TSLA230915C00310000,TSLA,253.86000061035156,0.8189032277753276,C,310.0,40,0.47022014160156256,2.1,2.05,2.15,2.0999999999999996,0.054627868852459016,0.0,2.2208528999090547,2.210325481772956
346,TSLA230915P00310000,TSLA,253.86000061035156,0.8189032277753276,P,310.0,40,0.47400428344726564,58.31,56.5,58.35,57.425,0.054627868852459016,0.0,56.57514215610914,57.28321328300231
347,TSLA230915C00313330,TSLA,253.86000061035156,0.8102001104597439,C,313.33,40,0.511174321899414,1.9,1.83,2.55,2.19,0.054627868852459016,0.0,2.617465991692981,2.6151799658777932
348,TSLA230915P00313330,TSLA,253.86000061035156,0.8102001104597439,P,313.33,40,0.4804739453125,55.46,58.95,61.5,60.225,0.054627868852459016,0.0,59.69454001707385,60.4606376500648
349,TSLA230915C00315000,TSLA,253.86000061035156,0.805904763842386,C,315.0,40,0.47400428344726564,1.77,1.75,1.8,1.775,0.054627868852459016,0.0,1.8566556988221983,1.8564244285050149
350,TSLA230915P00315000,TSLA,253.86000061035156,0.805904763842386,P,315.0,40,0.5122119091796875,61.41,60.55,63.55,62.05,0.054627868852459016,0.0,61.73695714236587,62.443589019078935
351,TSLA230915C00316670,TSLA,253.86000061035156,0.8016547213514117,C,316.67,40,0.48560084716796875,1.7,1.64,1.85,1.745,0.054627868852459016,0.0,1.902959979887374,1.9027183172315036
352,TSLA230922P00215000,TSLA,253.86000061035156,1.180744188885356,P,215.0,47,0.5214281256103515,3.7,2.97,4.6,3.785,0.05485737704918033,0.0,4.161118816843661,4.185840059924483
353,TSLA230922C00220000,TSLA,253.86000061035156,1.1539090936834162,C,220.0,47,0.5316208947753907,44.88,38.55,41.25,39.9,0.05485737704918033,0.0,40.91455498358789,40.92277028212158
354,TSLA230922P00220000,TSLA,253.86000061035156,1.1539090936834162,P,220.0,47,0.512578116455078,4.65,4.5,5.55,5.025,0.05485737704918033,0.0,5.042570957248671,5.081235401622189
355,TSLA230922C00225000,TSLA,253.86000061035156,1.1282666693793402,C,225.0,47,0.5194750201416016,40.27,34.6,37.3,35.95,0.05485737704918033,0.0,36.93027355712536,36.94481644042441
356,TSLA230922P00225000,TSLA,253.86000061035156,1.1282666693793402,P,225.0,47,0.47449255981445315,5.74,5.5,5.85,5.675,0.05485737704918033,0.0,5.305179544927796,5.32079498942132
357,TSLA230922P00230000,TSLA,253.86000061035156,1.1037391330884851,P,230.0,47,0.469304623413086,6.91,6.65,7.15,6.9,0.05485737704918033,0.0,6.520284043729738,6.558278694945457
358,TSLA230922C00235000,TSLA,253.86000061035156,1.0802553217461768,C,235.0,47,0.5004932763671875,32.15,27.35,30.0,28.675,0.05485737704918033,0.0,29.565084036072136,29.55034738328979
359,TSLA230922P00235000,TSLA,253.86000061035156,1.0802553217461768,P,235.0,47,0.46246875427246104,8.41,8.05,8.6,8.325,0.05485737704918033,0.0,7.879195948958383,7.940885582050599
360,TSLA230922C00240000,TSLA,253.86000061035156,1.0577500025431315,C,240.0,47,0.5201464001464844,25.76,24.0,26.3,25.15,0.05485737704918033,0.0,27.108081788189367,27.104839665713474
361,TSLA230922P00240000,TSLA,253.86000061035156,1.0577500025431315,P,240.0,47,0.4658866888427735,10.05,9.5,10.6,10.05,0.05485737704918033,0.0,9.77365239549728,9.856765899806753
362,TSLA230922C00245000,TSLA,253.86000061035156,1.0361632677973533,C,245.0,47,0.5015918981933594,26.5,21.9,22.85,22.375,0.05485737704918033,0.0,23.612175200109107,23.631549249876304
363,TSLA230922P00245000,TSLA,253.86000061035156,1.0361632677973533,P,245.0,47,0.45795219787597663,11.93,11.15,12.45,11.8,0.05485737704918033,0.0,11.527552545322791,11.632419243847899
364,TSLA230922C00250000,TSLA,253.86000061035156,1.0154400024414063,C,250.0,47,0.49597671997070314,19.5,19.05,20.05,19.55,0.05485737704918033,0.0,20.751817145231797,20.771719450431995
365,TSLA230922P00250000,TSLA,253.86000061035156,1.0154400024414063,P,250.0,47,0.44659977233886716,14.0,13.8,14.4,14.100000000000001,0.05485737704918033,0.0,13.37940974544523,13.502815905173996
366,TSLA230922C00255000,TSLA,253.86000061035156,0.9955294141582415,C,255.0,47,0.4886525744628907,17.45,16.0,17.4,16.7,0.05485737704918033,0.0,18.042309566310976,18.04627902927325
367,TSLA230922P00255000,TSLA,253.86000061035156,0.9955294141582415,P,255.0,47,0.4426325268554688,16.5,16.2,16.85,16.525,0.05485737704918033,0.0,15.723109175577633,15.865532878924771
368,TSLA230922C00260000,TSLA,253.86000061035156,0.9763846177321214,C,260.0,47,0.49860120544433595,14.62,14.35,15.6,14.975,0.05485737704918033,0.0,16.17512272876273,16.16170224332986
369,TSLA230922P00260000,TSLA,253.86000061035156,0.9763846177321214,P,260.0,47,0.44031321411132807,19.2,18.85,19.6,19.225,0.05485737704918033,0.0,18.36701785637922,18.528394974817054
370,TSLA230922C00265000,TSLA,253.86000061035156,0.9579622664541568,C,265.0,47,0.48779809082031256,12.53,12.25,13.25,12.75,0.05485737704918033,0.0,13.767424149956838,13.77919825145072
371,TSLA230922P00265000,TSLA,253.86000061035156,0.9579622664541568,P,265.0,47,0.4384211431884766,21.93,21.75,22.6,22.175,0.05485737704918033,0.0,21.263540903298633,21.462004892654
372,TSLA230922C00270000,TSLA,253.86000061035156,0.9402222244827836,C,270.0,47,0.48080963531494136,10.8,10.5,11.25,10.875,0.05485737704918033,0.0,11.709234658712873,11.729237450861351
373,TSLA230922P00270000,TSLA,253.86000061035156,0.9402222244827836,P,270.0,47,0.4343318286132813,25.34,24.95,25.75,25.35,0.05485737704918033,0.0,24.311946727893485,24.56981323395172
374,TSLA230922C00275000,TSLA,253.86000061035156,0.923127274946733,C,275.0,47,0.4925893026733399,9.15,8.8,10.1,9.45,0.05485737704918033,0.0,10.504516412089075,10.508333439833542
375,TSLA230922P00275000,TSLA,253.86000061035156,0.923127274946733,P,275.0,47,0.43860424682617194,24.15,27.75,29.4,28.575,0.05485737704918033,0.0,27.865922249222564,28.183243087077457
376,TSLA230922C00280000,TSLA,253.86000061035156,0.9066428593226842,C,280.0,47,0.4923756817626954,7.79,7.5,8.7,8.1,0.05485737704918033,0.0,9.054975505815023,9.04401509553784
377,TSLA230922P00280000,TSLA,253.86000061035156,0.9066428593226842,P,280.0,47,0.4622246160888672,28.5,31.05,33.85,32.45,0.05485737704918033,0.0,32.231899735729996,32.57747170369739
378,TSLA230922C00285000,TSLA,253.86000061035156,0.8907368442468476,C,285.0,47,0.4691825543212891,6.57,6.3,6.75,6.525,0.05485737704918033,0.0,7.0525745959125885,7.04904158337689
379,TSLA230922P00285000,TSLA,253.86000061035156,0.8907368442468476,P,285.0,47,0.4466608068847656,35.52,34.95,37.2,36.075,0.05485737704918033,0.0,35.4943861994939,35.90817038803376
380,TSLA230922C00290000,TSLA,253.86000061035156,0.8753793124494882,C,290.0,47,0.46869427795410157,5.51,5.35,5.7,5.525,0.05485737704918033,0.0,5.958881914397651,5.970919063694772
381,TSLA230922P00290000,TSLA,253.86000061035156,0.8753793124494882,P,290.0,47,0.4622246160888672,39.52,39.0,41.65,40.325,0.05485737704918033,0.0,39.86987596770061,40.34753431371025
382,TSLA230922C00295000,TSLA,253.86000061035156,0.8605423749503442,C,295.0,47,0.47601842346191403,4.6,4.5,5.0,4.75,0.05485737704918033,0.0,5.223288129799862,5.224017600241693
383,TSLA230922P00295000,TSLA,253.86000061035156,0.8605423749503442,P,295.0,47,0.46533737792968755,41.1,43.15,45.85,44.5,0.05485737704918033,0.0,43.996667945862214,44.54374317774126
384,TSLA230922C00300000,TSLA,253.86000061035156,0.8462000020345052,C,300.0,47,0.4674125524902344,3.97,3.8,4.0,3.9,0.05485737704918033,0.0,4.18578801049749,4.17028166002185
385,TSLA230922P00300000,TSLA,253.86000061035156,0.8462000020345052,P,300.0,47,0.46802289794921875,45.41,47.5,50.15,48.825,0.05485737704918033,0.0,48.22931188693056,48.832704487832274
386,TSLA230922C00305000,TSLA,253.86000061035156,0.8323278708536117,C,305.0,47,0.467778759765625,3.3,3.25,3.35,3.3,0.05485737704918033,0.0,3.505725018761666,3.5080606386041504
387,TSLA230922C00310000,TSLA,253.86000061035156,0.8189032277753276,C,310.0,47,0.5103808728027344,2.91,1.93,3.7,2.815,0.05485737704918033,0.0,3.846828089435789,3.8503475811029464
388,TSLA230922P00310000,TSLA,253.86000061035156,0.8189032277753276,P,310.0,47,0.4764456652832031,56.65,56.45,59.1,57.775000000000006,0.05485737704918033,0.0,57.057037398298405,57.833611373368676
389,TSLA230922C00315000,TSLA,253.86000061035156,0.805904763842386,C,315.0,47,0.5133105310058592,2.5,1.58,3.2,2.39,0.05485737704918033,0.0,3.324892773720066,3.326211590109664
390,TSLA230922P00315000,TSLA,253.86000061035156,0.805904763842386,P,315.0,47,0.49170430175781255,57.45,60.9,63.9,62.4,0.05485737704918033,0.0,61.803486615356036,62.63863877567877
391,TSLA231020C00215000,TSLA,253.86000061035156,1.180744188885356,C,215.0,75,0.5725750750732423,48.55,48.05,49.0,48.525,0.055775409836065576,0.0,50.11400146613056,50.134602855338166
392,TSLA231020P00215000,TSLA,253.86000061035156,1.180744188885356,P,215.0,75,0.5083056982421875,7.46,7.4,7.6,7.5,0.055775409836065576,0.0,6.745304214636825,6.786910566930005
393,TSLA231020C00220000,TSLA,253.86000061035156,1.1539090936834162,C,220.0,75,0.5626874786376954,45.4,44.3,45.25,44.775,0.055775409836065576,0.0,46.33106040429374,46.310190610818985
394,TSLA231020P00220000,TSLA,253.86000061035156,1.1539090936834162,P,220.0,75,0.5003101727294923,8.67,8.55,8.8,8.675,0.055775409836065576,0.0,7.823747102862107,7.903678343898127
395,TSLA231020C00225000,TSLA,253.86000061035156,1.1282666693793402,C,225.0,75,0.5548750567626954,45.44,40.75,41.7,41.225,0.055775409836065576,0.0,42.73864585036881,42.759999472244985
396,TSLA231020P00225000,TSLA,253.86000061035156,1.1282666693793402,P,225.0,75,0.4954884436035156,10.12,9.95,10.1,10.024999999999999,0.055775409836065576,0.0,9.143489317211888,9.22623625741606
397,TSLA231020C00230000,TSLA,253.86000061035156,1.1037391330884851,C,230.0,75,0.5512129840087892,38.15,37.6,38.35,37.975,0.055775409836065576,0.0,39.436985384479584,39.444552937773835
398,TSLA231020P00230000,TSLA,253.86000061035156,1.1037391330884851,P,230.0,75,0.49359637268066414,11.64,11.5,11.8,11.65,0.055775409836065576,0.0,10.725903024659246,10.814395601575749
399,TSLA231020C00235000,TSLA,253.86000061035156,1.0802553217461768,C,235.0,75,0.5409591802978517,35.0,34.1,35.1,34.6,0.055775409836065576,0.0,36.01520342076046,36.02504402587669
400,TSLA231020P00235000,TSLA,253.86000061035156,1.0802553217461768,P,235.0,75,0.49231464721679696,13.14,12.05,13.7,12.875,0.055775409836065576,0.0,12.502600427115965,12.63970348716629
401,TSLA231020C00240000,TSLA,253.86000061035156,1.0577500025431315,C,240.0,75,0.5390060748291017,31.67,31.35,32.1,31.725,0.055775409836065576,0.0,33.077206146986725,33.10189632916012
402,TSLA231020P00240000,TSLA,253.86000061035156,1.0577500025431315,P,240.0,75,0.4822744644165039,15.35,15.1,15.4,15.25,0.055775409836065576,0.0,14.086030563144504,14.23027045242437
403,TSLA231020C00245000,TSLA,253.86000061035156,1.0361632677973533,C,245.0,75,0.5350998638916016,29.08,28.6,29.25,28.925,0.055775409836065576,0.0,30.214329097389083,30.19279608138754
404,TSLA231020P00245000,TSLA,253.86000061035156,1.0361632677973533,P,245.0,75,0.476567734375,17.3,16.0,17.45,16.725,0.055775409836065576,0.0,16.00934691587848,16.17598287943482
405,TSLA231020C00250000,TSLA,253.86000061035156,1.0154400024414063,C,250.0,75,0.5310105493164063,26.04,26.0,26.55,26.275,0.055775409836065576,0.0,27.499657779355175,27.528528433923725
406,TSLA231020P00250000,TSLA,253.86000061035156,1.0154400024414063,P,250.0,75,0.47141031524658206,19.65,19.2,19.7,19.45,0.055775409836065576,0.0,18.127127996379187,18.34993941471961
407,TSLA231020C00255000,TSLA,253.86000061035156,0.9955294141582415,C,255.0,75,0.5278367529296876,23.6,23.45,24.2,23.825,0.055775409836065576,0.0,24.98328472915884,24.980654883492374
408,TSLA231020P00255000,TSLA,253.86000061035156,0.9955294141582415,P,255.0,75,0.46783979431152345,22.0,20.9,22.2,21.549999999999997,0.055775409836065576,0.0,20.49148998099949,20.729619946914106
409,TSLA231020C00260000,TSLA,253.86000061035156,0.9763846177321214,C,260.0,75,0.5293320993041993,21.3,21.1,22.4,21.75,0.055775409836065576,0.0,22.83811893104594,22.857954399884715
410,TSLA231020P00260000,TSLA,253.86000061035156,0.9763846177321214,P,260.0,75,0.4636589279174804,24.7,23.45,24.85,24.15,0.055775409836065576,0.0,23.005408336648443,23.28983195213485
411,TSLA231020C00265000,TSLA,253.86000061035156,0.9579622664541568,C,265.0,75,0.5160570855712892,19.15,19.05,19.25,19.15,0.055775409836065576,0.0,20.171367531864604,20.190495022882818
412,TSLA231020P00265000,TSLA,253.86000061035156,0.9579622664541568,P,265.0,75,0.459966337890625,26.9,25.45,27.7,26.575,0.055775409836065576,0.0,25.71800265534526,26.070425585555107
413,TSLA231020C00270000,TSLA,253.86000061035156,0.9402222244827836,C,270.0,75,0.5124560473632812,17.1,17.05,17.25,17.15,0.055775409836065576,0.0,18.102253092050375,18.097417077892555
414,TSLA231020P00270000,TSLA,253.86000061035156,0.9402222244827836,P,270.0,75,0.45795219787597663,30.0,30.3,30.8,30.55,0.055775409836065576,0.0,28.68099235195953,29.060730505815542
415,TSLA231020C00275000,TSLA,253.86000061035156,0.923127274946733,C,275.0,75,0.5088550091552735,15.35,15.15,15.45,15.3,0.055775409836065576,0.0,16.18450073422639,16.210960069807655
416,TSLA231020P00275000,TSLA,253.86000061035156,0.923127274946733,P,275.0,75,0.45441219421386714,30.41,32.65,34.0,33.325,0.055775409836065576,0.0,31.74365780692935,32.202509017373
417,TSLA231020C00280000,TSLA,253.86000061035156,0.9066428593226842,C,280.0,75,0.5075732836914062,13.66,13.55,13.85,13.7,0.055775409836065576,0.0,14.517079017324392,14.489267222523113
418,TSLA231020P00280000,TSLA,253.86000061035156,0.9066428593226842,P,280.0,75,0.462194098815918,37.0,36.65,37.85,37.25,0.055775409836065576,0.0,35.46572706104794,35.99227353086417
419,TSLA231020C00285000,TSLA,253.86000061035156,0.8907368442468476,C,285.0,75,0.5060474200439453,12.28,12.15,12.3,12.225000000000001,0.055775409836065576,0.0,12.977024248234983,13.000661108143746
420,TSLA231020P00285000,TSLA,253.86000061035156,0.8907368442468476,P,285.0,75,0.4598442687988281,40.7,39.25,41.4,40.325,0.055775409836065576,0.0,38.88670427976916,39.463971781651836
421,TSLA231020C00290000,TSLA,253.86000061035156,0.8753793124494882,C,290.0,75,0.5050098327636718,10.83,10.8,11.0,10.9,0.055775409836065576,0.0,11.589232434484629,11.579575365227189
422,TSLA231020P00290000,TSLA,253.86000061035156,0.8753793124494882,P,290.0,75,0.4514215014648438,43.93,43.9,44.85,44.375,0.055775409836065576,0.0,42.20511197406688,42.90374633647523
423,TSLA231020C00295000,TSLA,253.86000061035156,0.8605423749503442,C,295.0,75,0.503483969116211,9.7,9.55,9.8,9.675,0.055775409836065576,0.0,10.304913683649971,10.321673284182298
424,TSLA231020P00295000,TSLA,253.86000061035156,0.8605423749503442,P,295.0,75,0.45465633239746095,44.5,47.75,48.9,48.325,0.055775409836065576,0.0,46.13662624001853,46.906432747452186
425,TSLA231020C00300000,TSLA,253.86000061035156,0.8462000020345052,C,300.0,75,0.5048877636718749,8.6,8.6,8.75,8.675,0.055775409836065576,0.0,9.252539849253573,9.248620897857004
426,TSLA231020P00300000,TSLA,253.86000061035156,0.8462000020345052,P,300.0,75,0.4536797796630859,51.8,50.7,52.9,51.8,0.055775409836065576,0.0,50.020182464892116,50.89831446905407
427,TSLA231020C00305000,TSLA,253.86000061035156,0.8323278708536117,C,305.0,75,0.5042774182128906,7.7,7.6,7.8,7.699999999999999,0.055775409836065576,0.0,8.225015452855835,8.2373544221044
428,TSLA231020P00305000,TSLA,253.86000061035156,0.8323278708536117,P,305.0,75,0.45087219055175787,52.03,54.85,56.95,55.900000000000006,0.055775409836065576,0.0,53.9540899127895,54.95311247390172
429,TSLA231020C00310000,TSLA,253.86000061035156,0.8189032277753276,C,310.0,75,0.5044910391235352,6.85,6.75,6.95,6.85,0.055775409836065576,0.0,7.3261254768274,7.322722253786136
430,TSLA231020P00310000,TSLA,253.86000061035156,0.8189032277753276,P,310.0,75,0.45099425964355466,55.65,58.9,61.2,60.05,0.055775409836065576,0.0,58.09725659982257,59.197436890508534
431,TSLA231020C00315000,TSLA,253.86000061035156,0.805904763842386,C,315.0,75,0.5059253509521484,6.21,6.05,6.2,6.125,0.055775409836065576,0.0,6.557513333952123,6.568303858225971
432,TSLA231020P00315000,TSLA,253.86000061035156,0.805904763842386,P,315.0,75,0.44977356872558594,60.56,64.25,65.5,64.875,0.055775409836065576,0.0,62.29093130093045,63.54105654666934
